P1_lpo_loRa,P1_ratio_loRa,P1_conc_loRa,P2_lpo_loRa,P2_ratio_loRa,P2_conc_loRa,Temperature_loRa,Pressure_loRa,Humidity_loRa,pm1Palas,pm2_5Palas,pm4Palas,pm10Palas,pmTotalPalas,dCnPalas
2556,0.02,9.48,151843,1.01,524.26,20.53,98866,67,7.5,9.21,11.39,13.5166666666667,15.2566666666667,191.83
0,0.0,0.62,67639,0.45,234.43,20.38,98866,68,7.49333333333333,9.21,11.3866666666667,13.5066666666667,15.2466666666667,191.786666666667
86608,0.58,299.81,332245,2.21,1145.71,20.31,98869,68,7.49,9.20666666666667,11.38,13.4933333333333,15.2266666666667,191.736666666667
0,0.0,0.62,30289,0.2,105.48,20.27,98868,68,7.49,9.2,11.37,13.48,15.2066666666667,191.703333333333
153937,1.03,531.46,285021,1.9,982.52,20.2,98868,68,7.49,9.2,11.36,13.4666666666667,15.1933333333333,191.676666666667
0,0.0,0.62,349495,2.33,1205.49,20.1,98871,69,7.49,9.19333333333333,11.36,13.4566666666667,15.18,191.653333333333
0,0.0,0.62,24115,0.16,84.13,19.92,98870,69,7.49,9.19,11.36,13.4566666666667,15.1766666666667,191.613333333333
178599,1.19,616.23,305667,2.04,1053.79,19.83,98868,70,7.48,9.19,11.36,13.45,15.1666666666667,191.563333333333
0,0.0,0.62,77055,0.51,266.89,19.69,98867,71,7.48,9.18666666666667,11.35,13.4366666666667,15.15,191.503333333333
0,0.0,0.62,16822,0.11,58.89,19.66,98867,71,7.48,9.18,11.34,13.4233333333333,15.1333333333333,191.473333333333
0,0.0,0.62,0,0.0,0.62,19.54,98866,71,7.48,9.18,11.34,13.4133333333333,15.12,191.443333333333
112456,0.75,388.8,299310,2.0,1031.84,19.53,98869,71,7.48,9.18,11.3366666666667,13.4066666666667,15.1066666666667,191.426666666667
0,0.0,0.62,130212,0.87,449.88,19.48,98866,72,7.48,9.18,11.33,13.4,15.0966666666667,191.41
268165,1.79,924.4,679473,4.53,2380.4,19.43,98866,72,7.48,9.17333333333333,11.3266666666667,13.3866666666667,15.0766666666667,191.38
0,0.0,0.62,0,0.0,0.62,19.33,98868,72,7.48,9.17,11.3166666666667,13.3733333333333,15.0633333333333,191.35
0,0.0,0.62,119459,0.8,412.89,19.22,98868,73,7.48,9.17,11.32,13.37,15.0566666666667,191.333333333333
0,0.0,0.62,79050,0.53,273.77,19.16,98867,73,7.47666666666667,9.17,11.3166666666667,13.36,15.0433333333333,191.306666666667
0,0.0,0.62,322161,2.15,1110.81,19.08,98858,73,7.47,9.17,11.3133333333333,13.4033333333333,15.1166666666667,191.273333333333
0,0.0,0.62,92884,0.62,321.42,18.92,98858,74,7.47,9.16,11.3,13.3833333333333,15.0866666666667,191.21
0,0.0,0.62,103293,0.69,357.26,18.83,98853,74,7.47,9.16,11.2966666666667,13.3666666666667,15.0633333333333,191.146666666667
0,0.0,0.62,7118,0.05,25.29,18.74,98858,75,7.47,9.16,11.29,13.3566666666667,15.05,191.123333333333
0,0.0,0.62,164377,1.1,567.34,18.69,98860,75,7.47,9.16,11.29,13.3966666666667,15.1166666666667,191.11
0,0.0,0.62,117627,0.78,406.59,18.73,98858,75,7.47,9.16,11.28,13.3833333333333,15.1,191.09
0,0.0,0.62,2398,0.02,8.93,18.77,98859,75,7.47,9.15333333333333,11.28,13.3733333333333,15.0866666666667,191.07
138235,0.92,477.47,428075,2.85,1479.23,18.78,98863,75,7.46,9.15,11.2766666666667,13.3733333333333,15.0866666666667,191.023333333333
8990,0.06,31.77,247173,1.65,852.09,18.83,98868,75,7.46,9.15,11.27,13.36,15.0666666666667,190.97
0,0.0,0.62,84426,0.56,292.29,18.92,98864,74,7.46,9.14333333333333,11.26,13.3466666666667,15.0533333333333,190.926666666667
219659,1.46,757.41,400802,2.67,1383.92,18.95,98863,74,7.46,9.14,11.2566666666667,13.3366666666667,15.0366666666667,190.886666666667
62874,0.42,218.0,241889,1.61,833.9,18.98,98863,74,7.46,9.14,11.25,13.33,15.0266666666667,190.846666666667
104574,0.7,361.67,275191,1.83,948.62,18.99,98866,74,7.45,9.14,11.2533333333333,13.3366666666667,15.03,190.79
0,0.0,0.62,174110,1.16,600.8,18.94,98863,75,7.45,9.13333333333333,11.2466666666667,13.3266666666667,15.0233333333333,190.753333333333
0,0.0,0.62,264318,1.76,911.14,18.89,98861,75,7.45,9.13,11.2466666666667,13.32,15.0166666666667,190.696666666667
0,0.0,0.62,41035,0.27,142.61,18.8,98866,75,7.45,9.13,11.2466666666667,13.32,15.0066666666667,190.656666666667
120891,0.81,417.82,382564,2.55,1320.37,18.77,98861,75,7.45,9.12666666666667,11.24,13.31,14.9966666666667,190.603333333333
0,0.0,0.62,143012,0.95,493.89,18.73,98865,75,7.45,9.12,11.2366666666667,13.2966666666667,14.98,190.556666666667
0,0.0,0.62,56770,0.38,196.94,18.69,98865,75,7.44,9.12,11.23,13.29,14.9633333333333,190.523333333333
0,0.0,0.62,22832,0.15,79.69,18.64,98865,75,7.44,9.11333333333333,11.22,13.2766666666667,14.9533333333333,190.486666666667
86404,0.58,299.1,240731,1.6,829.91,18.58,98862,76,7.44,9.11,11.22,13.27,14.94,190.43
0,0.0,0.62,119217,0.79,412.06,18.5,98869,76,7.44,9.11,11.22,13.2666666666667,14.9366666666667,190.353333333333
0,0.0,0.62,0,0.0,0.62,18.55,98866,76,7.44,9.11,11.2166666666667,13.2733333333333,14.95,190.326666666667
55859,0.37,193.79,279940,1.87,964.99,18.51,98870,76,7.43333333333333,9.10666666666667,11.21,13.2966666666667,14.99,190.286666666667
211744,1.41,730.19,494787,3.3,1714.01,18.53,98869,76,7.43,9.1,11.21,13.29,14.9833333333333,190.253333333333
65073,0.43,225.58,418451,2.79,1445.56,18.52,98875,77,7.43,9.1,11.2,13.28,14.9666666666667,190.226666666667
5588,0.04,19.99,199116,1.33,686.77,18.54,98876,76,7.43,9.09666666666667,11.1966666666667,13.2666666666667,14.9533333333333,190.173333333333
0,0.0,0.62,75677,0.5,262.14,18.58,98877,76,7.43,9.09,11.19,13.2533333333333,14.9366666666667,190.106666666667
0,0.0,0.62,42432,0.28,147.44,18.58,98882,76,7.43,9.09,11.1933333333333,13.2633333333333,14.9433333333333,190.063333333333
125525,0.84,433.76,174682,1.16,602.77,18.56,98879,76,7.43,9.09,11.19,13.2566666666667,14.9366666666667,190.036666666667
0,0.0,0.62,87284,0.58,302.13,18.52,98884,76,7.42,9.08666666666667,11.1833333333333,13.2433333333333,14.92,190.0
0,0.0,0.62,328911,2.19,1134.17,18.47,98889,77,7.42,9.08333333333333,11.18,13.2466666666667,14.9266666666667,190.01
0,0.0,0.62,109682,0.73,379.25,18.4,98886,77,7.42,9.09,11.18,13.2966666666667,15.0366666666667,190.02
0,0.0,0.62,200489,1.34,691.49,18.37,98886,77,7.42,9.09,11.1766666666667,13.35,15.16,190.02
0,0.0,0.62,102734,0.68,355.34,18.34,98885,77,7.42,9.09,11.18,13.35,15.1566666666667,190.023333333333
109623,0.73,379.05,506329,3.38,1754.9,18.3,98888,78,7.42,9.09,11.1733333333333,13.34,15.1433333333333,190.053333333333
0,0.0,0.62,103703,0.69,358.67,18.27,98890,78,7.42,9.09,11.17,13.3266666666667,15.1233333333333,190.11
0,0.0,0.62,83141,0.55,287.86,18.23,98892,78,7.42666666666667,9.09,11.17,13.32,15.1133333333333,190.13
0,0.0,0.62,103344,0.69,357.44,18.18,98888,79,7.43,9.09,11.1633333333333,13.31,15.1,190.156666666667
0,0.0,0.62,77856,0.52,269.65,18.21,98890,79,7.43,9.09,11.16,13.3033333333333,15.09,190.186666666667
0,0.0,0.62,41123,0.27,142.92,18.19,98889,79,7.43,9.09,11.17,13.3033333333333,15.0866666666667,190.173333333333
48299,0.32,167.7,549792,3.67,1909.68,18.17,98888,79,7.43,9.09,11.17,13.3066666666667,15.0866666666667,190.173333333333
0,0.0,0.62,2571,0.02,9.53,18.14,98887,79,7.43,9.09,11.1766666666667,13.31,15.0866666666667,190.183333333333
0,0.0,0.62,136590,0.91,471.81,18.12,98889,79,7.43,9.09,11.18,13.3033333333333,15.08,190.18
57480,0.38,199.39,224109,1.49,772.72,18.12,98886,79,7.43,9.09666666666667,11.1966666666667,13.3366666666667,15.1233333333333,190.166666666667
0,0.0,0.62,194689,1.3,671.55,18.11,98885,79,7.43,9.1,11.1933333333333,13.3633333333333,15.1633333333333,190.146666666667
26428,0.18,92.13,189594,1.26,654.03,18.1,98894,79,7.43,9.1,11.2,13.3666666666667,15.1633333333333,190.13
0,0.0,0.62,164239,1.09,566.87,18.09,98892,80,7.43,9.09666666666667,11.19,13.3566666666667,15.1466666666667,190.13
0,0.0,0.62,15148,0.1,53.1,18.11,98893,80,7.43,9.1,11.2033333333333,13.3633333333333,15.1533333333333,190.123333333333
25042,0.17,87.33,139643,0.93,482.31,18.12,98895,79,7.43,9.1,11.21,13.3666666666667,15.1533333333333,190.146666666667
0,0.0,0.62,55690,0.37,193.21,18.12,98896,79,7.43,9.1,11.21,13.36,15.1466666666667,190.163333333333
0,0.0,0.62,188987,1.26,651.94,18.14,98903,79,7.43,9.1,11.21,13.36,15.14,190.156666666667
20577,0.14,71.88,332681,2.22,1147.22,18.14,98896,80,7.43,9.11,11.22,13.3633333333333,15.1433333333333,190.18
0,0.0,0.62,77107,0.51,267.07,18.21,98900,79,7.44,9.11666666666667,11.23,13.5133333333333,15.6966666666667,190.196666666667
0,0.0,0.62,31813,0.21,110.74,18.25,98907,79,7.44,9.11666666666667,11.2266666666667,13.51,15.69,190.223333333333
0,0.0,0.62,42893,0.29,149.03,18.29,98913,79,7.43666666666667,9.11666666666667,11.23,13.5066666666667,15.6833333333333,190.196666666667
0,0.0,0.62,36635,0.24,127.41,18.28,98905,79,7.43,9.11333333333333,11.23,13.51,15.68,190.173333333333
96337,0.64,333.31,492492,3.28,1705.89,18.37,98913,79,7.44,9.12,11.23,13.5433333333333,15.8466666666667,190.2
107222,0.71,370.78,557552,3.72,1937.46,18.41,98909,78,7.44,9.12333333333333,11.24,13.6466666666667,16.2133333333333,190.196666666667
0,0.0,0.62,100826,0.67,348.77,18.39,98911,78,7.44,9.13,11.25,13.6566666666667,16.2233333333333,190.2
0,0.0,0.62,24787,0.17,86.45,18.3,98913,79,7.44,9.12333333333333,11.25,13.6533333333333,16.2133333333333,190.2
0,0.0,0.62,57323,0.38,198.85,18.31,98911,79,7.44,9.12333333333333,11.2433333333333,13.65,16.2,190.2
0,0.0,0.62,88335,0.59,305.75,18.36,98913,79,7.44,9.13333333333333,11.2666666666667,13.6666666666667,16.2166666666667,190.21
24271,0.16,84.66,225283,1.5,776.76,18.39,98914,79,7.44,9.13666666666667,11.2633333333333,13.67,16.22,190.23
0,0.0,0.62,175093,1.17,604.18,18.44,98911,79,7.44,9.14,11.2766666666667,13.6866666666667,16.24,190.216666666667
0,0.0,0.62,125290,0.84,432.95,18.49,98910,78,7.44,9.14,11.28,13.6866666666667,16.2366666666667,190.226666666667
0,0.0,0.62,370910,2.47,1279.84,18.57,98911,78,7.45,9.14,11.28,13.68,16.2233333333333,190.243333333333
41609,0.28,144.6,176286,1.18,608.28,18.61,98914,78,7.45,9.14666666666667,11.2866666666667,13.6933333333333,16.2333333333333,190.266666666667
0,0.0,0.62,110801,0.74,383.1,18.58,98912,78,7.45,9.15,11.29,13.69,16.2333333333333,190.276666666667
0,0.0,0.62,212906,1.42,734.18,18.52,98914,78,7.45,9.15,11.29,13.69,16.2266666666667,190.293333333333
126122,0.84,435.81,391311,2.61,1350.83,18.49,98918,78,7.45,9.15,11.29,13.68,16.2133333333333,190.323333333333
0,0.0,0.62,143082,0.95,494.13,18.47,98916,78,7.45,9.15,11.29,13.68,16.2066666666667,190.353333333333
0,0.0,0.62,28572,0.19,99.54,18.43,98920,79,7.45,9.15,11.29,13.67,16.1933333333333,190.383333333333
50794,0.34,176.31,446765,2.98,1544.76,18.46,98912,79,7.46,9.15,11.29,13.67,16.1866666666667,190.426666666667
73521,0.49,254.71,431181,2.87,1490.11,18.49,98917,78,7.46,9.15,11.29,13.6633333333333,16.1766666666667,190.456666666667
49098,0.33,170.46,469726,3.13,1625.52,18.53,98916,78,7.46,9.15666666666667,11.3,13.67,16.1766666666667,190.506666666667
0,0.0,0.62,234541,1.56,808.61,18.61,98917,78,7.46,9.16,11.3,13.66,16.1666666666667,190.546666666667
215719,1.44,743.86,438206,2.92,1514.73,18.68,98916,78,7.46,9.16,11.3,13.6666666666667,16.1666666666667,190.593333333333
91665,0.61,317.22,309543,2.06,1067.19,18.74,98920,77,7.46666666666667,9.16,11.3,13.6666666666667,16.1633333333333,190.63
0,0.0,0.62,272411,1.82,939.03,18.79,98916,77,7.47,9.16333333333333,11.31,13.67,16.1633333333333,190.673333333333
45958,0.31,159.62,404855,2.7,1398.06,18.82,98918,77,7.47,9.17,11.31,13.68,16.18,190.706666666667
0,0.0,0.62,127106,0.85,439.19,18.89,98919,77,7.47,9.17,11.3166666666667,13.71,16.22,190.75
0,0.0,0.62,107746,0.72,372.59,18.93,98915,77,7.47,9.18,11.32,13.7066666666667,16.2133333333333,190.796666666667
164104,1.09,566.41,818567,5.46,2903.92,18.93,98913,76,7.48,9.18,11.3266666666667,13.71,16.2133333333333,190.87
0,0.0,0.62,172371,1.15,594.82,18.92,98916,77,7.48,9.18333333333333,11.3333333333333,13.7266666666667,16.23,190.903333333333
229689,1.53,791.91,599779,4.0,2089.42,18.9,98916,77,7.48,9.19,11.34,13.73,16.23,190.956666666667
0,0.0,0.62,314031,2.09,1082.7,18.92,98917,77,7.48,9.19,11.3466666666667,13.73,16.23,190.983333333333
90611,0.6,313.59,504539,3.36,1748.56,18.86,98918,76,7.48,9.19,11.3466666666667,13.73,16.2266666666667,191.02
42883,0.29,149.0,136871,0.91,472.78,18.81,98926,77,7.48,9.19666666666667,11.35,13.73,16.22,191.036666666667
73487,0.49,254.59,372365,2.48,1284.9,18.75,98919,77,7.49,9.2,11.3533333333333,13.73,16.2166666666667,191.076666666667
36735,0.24,127.76,109221,0.73,377.66,18.7,98916,77,7.49,9.2,11.35,13.7266666666667,16.2066666666667,191.096666666667
0,0.0,0.62,236903,1.58,816.74,18.63,98922,77,7.49,9.2,11.35,13.7166666666667,16.1933333333333,191.12
0,0.0,0.62,135634,0.9,468.52,18.58,98924,78,7.49,9.2,11.35,13.71,16.18,191.15
64669,0.43,224.19,347440,2.32,1198.36,18.54,98925,78,7.49,9.2,11.35,13.7033333333333,16.1733333333333,191.2
81913,0.55,283.63,255197,1.7,879.72,18.48,98923,78,7.49666666666667,9.2,11.35,13.7,16.1633333333333,191.24
70098,0.47,242.91,386368,2.58,1333.62,18.43,98922,78,7.5,9.20666666666667,11.35,13.6966666666667,16.15,191.34
261549,1.74,901.6,480797,3.21,1664.57,18.37,98919,79,7.5,9.21,11.3633333333333,13.7433333333333,16.2133333333333,191.38
53053,0.35,184.11,288178,1.92,993.41,18.33,98915,79,7.5,9.21666666666667,11.3733333333333,13.7433333333333,16.22,191.42
0,0.0,0.62,15438,0.1,54.1,18.29,98918,79,7.5,9.22,11.38,13.7566666666667,16.2233333333333,191.426666666667
155549,1.04,537.0,395454,2.64,1365.27,18.26,98912,79,7.50333333333333,9.22,11.3833333333333,13.75,16.2166666666667,191.453333333333
38394,0.26,133.49,162788,1.09,561.88,18.19,98911,79,7.51,9.23,11.3933333333333,13.76,16.22,191.493333333333
0,0.0,0.62,413406,2.76,1427.92,18.09,98914,80,7.51,9.23,11.41,13.78,16.24,191.536666666667
126668,0.84,437.69,294052,1.96,1013.68,18.05,98917,80,7.51,9.24,11.42,13.79,16.2566666666667,191.573333333333
0,0.0,0.62,63507,0.42,220.18,18.01,98911,80,7.51,9.24,11.42,13.8133333333333,16.3,191.603333333333
0,0.0,0.62,281329,1.88,969.78,18.01,98914,80,7.51666666666667,9.24,11.42,13.82,16.3033333333333,191.63
0,0.0,0.62,27464,0.18,95.71,18.0,98916,81,7.52,9.25,11.43,13.82,16.2966666666667,191.663333333333
0,0.0,0.62,243943,1.63,840.97,17.93,98916,81,7.52,9.25,11.43,13.8166666666667,16.2866666666667,191.696666666667
0,0.0,0.62,2599,0.02,9.63,17.99,98923,81,7.52333333333333,9.25333333333333,11.43,13.8133333333333,16.28,191.746666666667
0,0.0,0.62,342,0.0,1.81,18.0,98913,81,7.53,9.26,11.43,13.8133333333333,16.28,191.78
0,0.0,0.62,41303,0.28,143.54,18.03,98916,81,7.53,9.26,11.43,13.81,16.27,191.813333333333
0,0.0,0.62,223262,1.49,769.8,18.03,98916,80,7.53,9.26,11.44,13.8133333333333,16.2733333333333,191.84
183191,1.22,632.02,558778,3.73,1941.85,18.01,98912,80,7.53,9.26666666666667,11.45,13.82,16.28,191.88
0,0.0,0.62,205059,1.37,707.2,18.06,98918,80,7.53666666666667,9.27,11.46,13.8266666666667,16.2766666666667,191.913333333333
0,0.0,0.62,130193,0.87,449.81,18.1,98921,80,7.54,9.28,11.47,13.83,16.2733333333333,191.97
0,0.0,0.62,0,0.0,0.62,18.15,98922,80,7.54,9.28,11.47,13.8266666666667,16.2666666666667,192.0
10790,0.07,38.01,217710,1.45,750.71,18.2,98924,80,7.54,9.28,11.48,13.83,16.27,192.006666666667
140073,0.93,483.79,248997,1.66,858.37,18.25,98923,80,7.54,9.28333333333333,11.49,13.8466666666667,16.2866666666667,192.05
0,0.0,0.62,115480,0.77,399.2,18.27,98922,80,7.54333333333333,9.29666666666667,11.4966666666667,13.9466666666667,16.4566666666667,192.1
155603,1.04,537.18,410805,2.74,1418.84,18.33,98927,80,7.55,9.30666666666667,11.5133333333333,14.0133333333333,16.5766666666667,192.166666666667
0,0.0,0.62,47117,0.31,163.62,18.4,98930,80,7.55,9.31,11.52,14.0466666666667,16.6333333333333,192.21
74266,0.5,257.28,495910,3.31,1717.99,18.43,98926,79,7.55,9.31,11.5266666666667,14.06,16.65,192.28
212286,1.42,732.05,459909,3.07,1590.95,18.46,98931,79,7.55,9.31333333333333,11.53,14.06,16.6466666666667,192.37
1296,0.01,5.11,179565,1.2,619.55,18.48,98924,79,7.56,9.32,11.53,14.0633333333333,16.6466666666667,192.436666666667
172661,1.15,595.82,294241,1.96,1014.34,18.46,98926,79,7.56,9.32,11.53,14.06,16.6366666666667,192.496666666667
155327,1.04,536.23,408356,2.72,1410.29,18.42,98921,79,7.56,9.32333333333333,11.5333333333333,14.06,16.6333333333333,192.57
0,0.0,0.62,17921,0.12,62.69,18.42,98922,79,7.57,9.33,11.5433333333333,14.0666666666667,16.64,192.626666666667
40702,0.27,141.46,388422,2.59,1340.77,18.39,98919,79,7.57,9.33,11.5533333333333,14.0733333333333,16.64,192.66
0,0.0,0.62,150282,1.0,518.89,18.38,98924,79,7.57,9.33666666666667,11.56,14.0733333333333,16.6366666666667,192.68
0,0.0,0.62,112106,0.75,387.59,18.43,98923,79,7.57,9.34,11.56,14.07,16.63,192.7
0,0.0,0.62,159653,1.06,551.11,18.38,98921,78,7.57,9.34,11.56,14.0633333333333,16.62,192.71
0,0.0,0.62,0,0.0,0.62,18.36,98923,79,7.57,9.33,11.55,14.0533333333333,16.6066666666667,192.703333333333
97711,0.65,338.04,414320,2.76,1431.12,18.38,98923,79,7.57,9.33666666666667,11.5566666666667,14.0633333333333,16.6133333333333,192.72
0,0.0,0.62,196063,1.31,676.27,18.39,98926,79,7.57333333333333,9.34,11.5566666666667,14.0633333333333,16.6166666666667,192.733333333333
0,0.0,0.62,123235,0.82,425.88,18.42,98921,79,7.58,9.34,11.56,14.06,16.61,192.746666666667
0,0.0,0.62,338547,2.26,1167.54,18.43,98925,79,7.58,9.34,11.56,14.06,16.6066666666667,192.753333333333
0,0.0,0.62,252256,1.68,869.59,18.38,98922,79,7.58,9.34,11.5666666666667,14.06,16.6033333333333,192.76
0,0.0,0.62,103795,0.69,358.99,18.34,98919,79,7.58,9.34,11.57,14.06,16.5933333333333,192.78
0,0.0,0.62,59634,0.4,206.82,18.28,98917,79,7.58,9.35,11.57,14.0533333333333,16.5866666666667,192.826666666667
172137,1.15,594.02,441117,2.94,1524.94,18.25,98919,79,7.59,9.35,11.57,14.0566666666667,16.5833333333333,192.883333333333
0,0.0,0.62,16440,0.11,57.57,18.23,98920,79,7.59,9.35,11.5766666666667,14.05,16.5766666666667,192.926666666667
141713,0.94,489.43,295451,1.97,1018.51,18.22,98922,79,7.59,9.35,11.57,14.0433333333333,16.5633333333333,192.97
0,0.0,0.62,265474,1.77,915.13,18.2,98919,79,7.59,9.35,11.5766666666667,14.0533333333333,16.5733333333333,193.006666666667
39503,0.26,137.32,302578,2.02,1043.12,18.16,98920,80,7.59,9.35666666666667,11.58,14.09,16.6266666666667,193.06
124448,0.83,430.05,311630,2.08,1074.4,18.14,98919,79,7.6,9.36,11.58,14.13,16.6833333333333,193.16
105059,0.7,363.34,224987,1.5,775.74,18.12,98918,79,7.6,9.36333333333333,11.58,14.1233333333333,16.6733333333333,193.216666666667
0,0.0,0.62,0,0.0,0.62,18.08,98908,80,7.6,9.37,11.58,14.12,16.6666666666667,193.256666666667
0,0.0,0.62,133382,0.89,460.78,18.07,98909,80,7.61,9.37,11.58,14.12,16.6633333333333,193.293333333333
0,0.0,0.62,64772,0.43,224.54,18.03,98910,80,7.61,9.37,11.5866666666667,14.12,16.66,193.333333333333
0,0.0,0.62,159961,1.07,552.16,18.08,98910,80,7.61,9.37,11.59,14.12,16.65,193.356666666667
0,0.0,0.62,276601,1.84,953.48,18.05,98909,80,7.61,9.37,11.5933333333333,14.1133333333333,16.65,193.383333333333
0,0.0,0.62,115533,0.77,399.38,18.1,98901,80,7.61,9.38,11.5933333333333,14.15,16.6966666666667,193.413333333333
158345,1.06,546.61,440445,2.94,1522.58,18.13,98904,80,7.61,9.38,11.59,14.15,16.6966666666667,193.44
92168,0.61,318.96,355813,2.37,1227.41,18.15,98907,80,7.61,9.38,11.5933333333333,14.1533333333333,16.7033333333333,193.46
0,0.0,0.62,182675,1.22,630.24,18.16,98903,80,7.61666666666667,9.38,11.6,14.16,16.71,193.49
0,0.0,0.62,485289,3.24,1680.43,18.15,98898,80,7.62,9.38,11.6,14.16,16.7,193.53
154793,1.03,534.4,294196,1.96,1014.18,18.15,98898,80,7.62,9.39,11.6066666666667,14.16,16.69,193.58
90011,0.6,311.53,675961,4.51,2367.45,18.13,98895,80,7.62,9.39,11.6033333333333,14.15,16.6833333333333,193.616666666667
150120,1.0,518.33,492367,3.28,1705.45,18.16,98895,80,7.62,9.39,11.61,14.15,16.68,193.65
0,0.0,0.62,249825,1.67,861.22,18.1,98894,80,7.62666666666667,9.39,11.6166666666667,14.1566666666667,16.6833333333333,193.7
0,0.0,0.62,303770,2.03,1047.24,18.1,98894,81,7.63,9.4,11.62,14.15,16.6666666666667,193.816666666667
0,0.0,0.62,190013,1.27,655.47,18.07,98894,81,7.63333333333333,9.4,11.62,14.14,16.66,193.88
197165,1.31,680.06,698595,4.66,2451.11,18.03,98896,81,7.64,9.4,11.62,14.1466666666667,16.66,193.956666666667
128712,0.86,444.72,481417,3.21,1666.76,18.04,98897,81,7.64,9.41,11.6266666666667,14.14,16.65,194.006666666667
37134,0.25,129.14,272325,1.82,938.74,17.98,98896,81,7.64,9.41,11.63,14.14,16.6433333333333,194.04
123219,0.82,425.82,371424,2.48,1281.62,18.01,98899,81,7.64666666666667,9.41333333333333,11.64,14.17,16.68,194.09
0,0.0,0.62,167453,1.12,577.92,18.06,98895,81,7.65,9.42,11.6433333333333,14.17,16.68,194.14
0,0.0,0.62,362480,2.42,1250.55,18.12,98898,81,7.65333333333333,9.42,11.65,14.17,16.6733333333333,194.203333333333
358254,2.39,1235.88,707043,4.71,2482.47,18.09,98897,81,7.66,9.43,11.6533333333333,14.17,16.67,194.25
199534,1.33,688.2,509508,3.4,1766.18,18.08,98897,81,7.66,9.43,11.6533333333333,14.2,16.7133333333333,194.293333333333
0,0.0,0.62,216079,1.44,745.1,18.1,98898,81,7.66,9.43,11.6633333333333,14.21,16.7266666666667,194.323333333333
35898,0.24,124.86,405849,2.71,1401.53,18.02,98893,81,7.66,9.43666666666667,11.6666666666667,14.2133333333333,16.7266666666667,194.376666666667
146994,0.98,507.59,216496,1.44,746.53,18.07,98899,81,7.66333333333333,9.44,11.68,14.22,16.73,194.426666666667
0,0.0,0.62,393620,2.62,1358.88,18.04,98897,81,7.67,9.44,11.68,14.2166666666667,16.72,194.48
121801,0.81,420.95,626684,4.18,2187.01,18.0,98894,81,7.67,9.44,11.68,14.21,16.7133333333333,194.533333333333
151830,1.01,524.21,435096,2.9,1503.83,17.94,98900,81,7.67,9.44,11.6733333333333,14.2066666666667,16.7033333333333,194.59
0,0.0,0.62,220264,1.47,759.49,17.92,98894,81,7.67333333333333,9.44333333333333,11.68,14.21,16.7,194.653333333333
0,0.0,0.62,141508,0.94,488.72,17.88,98890,82,7.68,9.45,11.6833333333333,14.2066666666667,16.6966666666667,194.71
0,0.0,0.62,163723,1.09,565.1,17.93,98889,81,7.68,9.45,11.69,14.22,16.71,194.78
0,0.0,0.62,88404,0.59,305.99,17.84,98885,82,7.68,9.45,11.69,14.21,16.6966666666667,194.816666666667
0,0.0,0.62,487832,3.25,1689.42,17.84,98884,82,7.68,9.45,11.6866666666667,14.2033333333333,16.6866666666667,194.86
82243,0.55,284.77,479073,3.19,1658.48,17.81,98884,82,7.69,9.45333333333333,11.6866666666667,14.2066666666667,16.6866666666667,194.93
228917,1.53,789.26,726858,4.85,2556.33,17.81,98889,82,7.69,9.46,11.7,14.2133333333333,16.69,194.99
0,0.0,0.62,295516,1.97,1018.74,17.77,98884,82,7.69,9.46,11.7,14.2133333333333,16.69,195.056666666667
97901,0.65,338.7,337915,2.25,1165.35,17.76,98879,82,7.7,9.47,11.7066666666667,14.2133333333333,16.6866666666667,195.113333333333
109883,0.73,379.94,327386,2.18,1128.89,17.74,98884,82,7.7,9.47,11.7133333333333,14.22,16.6866666666667,195.173333333333
69331,0.46,240.26,340402,2.27,1173.97,17.73,98884,83,7.7,9.47666666666667,11.7166666666667,14.22,16.68,195.233333333333
227554,1.52,784.57,672666,4.48,2355.31,17.7,98884,83,7.70333333333333,9.48,11.73,14.22,16.6833333333333,195.286666666667
21151,0.14,73.87,266536,1.78,918.78,17.63,98881,83,7.71,9.48,11.73,14.24,16.7066666666667,195.333333333333
95002,0.63,328.72,255669,1.7,881.35,17.65,98880,83,7.71,9.48666666666667,11.7366666666667,14.2466666666667,16.71,195.386666666667
0,0.0,0.62,351923,2.35,1213.91,17.64,98879,83,7.71,9.49,11.74,14.2433333333333,16.71,195.433333333333
43062,0.29,149.61,393772,2.63,1359.41,17.63,98878,83,7.72,9.49,11.74,14.24,16.6966666666667,195.533333333333
137977,0.92,476.58,424872,2.83,1468.02,17.61,98880,83,7.72,9.49,11.74,14.2333333333333,16.6866666666667,195.576666666667
362568,2.42,1250.86,903313,6.02,3234.53,17.58,98880,83,7.72,9.49,11.74,14.23,16.68,195.626666666667
85622,0.57,296.41,296659,1.98,1022.68,17.57,98878,83,7.73,9.49,11.74,14.2266666666667,16.67,195.68
0,0.0,0.62,236792,1.58,816.36,17.57,98879,83,7.73,9.5,11.74,14.22,16.66,195.736666666667
0,0.0,0.62,205799,1.37,709.74,17.61,98880,83,7.73,9.5,11.7466666666667,14.2266666666667,16.6633333333333,195.8
0,0.0,0.62,239177,1.59,824.56,17.65,98881,83,7.73666666666667,9.50333333333333,11.75,14.25,16.7166666666667,195.85
49011,0.33,170.16,441255,2.94,1525.42,17.69,98883,83,7.74,9.51,11.7533333333333,14.31,16.8266666666667,195.893333333333
104276,0.7,360.64,552826,3.69,1920.53,17.7,98887,83,7.74,9.51,11.75,14.3033333333333,16.82,195.963333333333
154895,1.03,534.75,321354,2.14,1108.02,17.77,98890,83,7.75,9.52,11.75,14.3,16.81,196.026666666667
233660,1.56,805.58,620898,4.14,2165.97,17.81,98886,83,7.75,9.52,11.7566666666667,14.2966666666667,16.8066666666667,196.093333333333
0,0.0,0.62,186419,1.24,643.11,17.82,98884,83,7.75,9.52,11.76,14.3,16.8,196.156666666667
211010,1.41,727.66,346428,2.31,1194.85,17.86,98887,82,7.75666666666667,9.52,11.76,14.29,16.7933333333333,196.21
186473,1.24,643.3,441226,2.94,1525.32,17.9,98885,82,7.76,9.53,11.76,14.29,16.79,196.263333333333
0,0.0,0.62,97402,0.65,336.98,17.88,98891,82,7.76,9.53,11.77,14.29,16.7866666666667,196.323333333333
0,0.0,0.62,315277,2.1,1087.01,17.86,98893,82,7.76666666666667,9.53666666666667,11.77,14.2933333333333,16.7833333333333,196.396666666667
0,0.0,0.62,155731,1.04,537.62,17.86,98888,82,7.77,9.54,11.77,14.29,16.78,196.466666666667
0,0.0,0.62,15538,0.1,54.45,17.84,98892,82,7.77,9.54,11.78,14.2966666666667,16.78,196.51
48853,0.33,169.61,378944,2.53,1307.78,17.82,98891,83,7.77333333333333,9.54666666666667,11.78,14.2933333333333,16.7733333333333,196.563333333333
0,0.0,0.62,234702,1.56,809.16,17.77,98897,83,7.78,9.55,11.7833333333333,14.29,16.77,196.623333333333
94138,0.63,325.74,307520,2.05,1060.2,17.69,98892,83,7.78,9.55333333333333,11.79,14.29,16.77,196.703333333333
0,0.0,0.62,132646,0.88,458.25,17.64,98898,83,7.78666666666667,9.56,11.8,14.3,16.77,196.766666666667
0,0.0,0.62,314802,2.1,1085.36,17.56,98892,84,7.79,9.56,11.8,14.3,16.7666666666667,196.82
26631,0.18,92.83,463967,3.09,1605.24,17.53,98900,84,7.79,9.56,11.8,14.2966666666667,16.76,196.9
23798,0.16,83.03,410752,2.74,1418.65,17.48,98900,84,7.8,9.57,11.8066666666667,14.2966666666667,16.7533333333333,196.986666666667
164786,1.1,568.75,757715,5.05,2672.19,17.45,98896,84,7.8,9.57333333333333,11.8133333333333,14.3,16.76,197.056666666667
196410,1.31,677.46,765696,5.1,2702.33,17.41,98903,85,7.80333333333333,9.58,11.82,14.31,16.7633333333333,197.123333333333
25377,0.17,88.49,256977,1.71,885.85,17.38,98907,85,7.81,9.58,11.82,14.3033333333333,16.7566666666667,197.183333333333
146267,0.98,505.09,345623,2.3,1192.06,17.34,98905,85,7.81,9.58333333333333,11.8266666666667,14.3033333333333,16.75,197.256666666667
0,0.0,0.62,74799,0.5,259.11,17.31,98902,85,7.81666666666667,9.59,11.83,14.3,16.75,197.326666666667
0,0.0,0.62,0,0.0,0.62,17.28,98902,85,7.82,9.59,11.83,14.3,16.7433333333333,197.403333333333
0,0.0,0.62,305378,2.04,1052.8,17.28,98913,85,7.82,9.59,11.83,14.3,16.7366666666667,197.46
54111,0.36,187.76,526933,3.51,1828.11,17.27,98904,85,7.82666666666667,9.59666666666667,11.8366666666667,14.3066666666667,16.74,197.523333333333
68351,0.46,236.89,364442,2.43,1257.36,17.25,98908,85,7.83,9.60333333333333,11.85,14.31,16.74,197.656666666667
56142,0.37,194.77,505350,3.37,1751.43,17.25,98912,85,7.84,9.61,11.85,14.32,16.75,197.72
0,0.0,0.62,228617,1.52,788.23,17.24,98911,85,7.84,9.61,11.86,14.3133333333333,16.74,197.78
7366,0.05,26.15,199903,1.33,689.47,17.23,98909,85,7.84333333333333,9.61333333333333,11.8566666666667,14.31,16.7333333333333,197.84
0,0.0,0.62,321705,2.14,1109.24,17.23,98910,85,7.85,9.62,11.8666666666667,14.3233333333333,16.7466666666667,197.91
10977,0.07,38.65,208213,1.39,718.05,17.24,98907,85,7.85,9.62,11.87,14.33,16.7466666666667,197.973333333333
0,0.0,0.62,513692,3.42,1781.03,17.24,98911,85,7.85333333333333,9.63,11.8766666666667,14.3333333333333,16.75,198.033333333333
0,0.0,0.62,326543,2.18,1125.98,17.24,98908,85,7.86,9.63,11.88,14.33,16.75,198.09
0,0.0,0.62,266708,1.78,919.38,17.2,98905,85,7.86,9.63666666666667,11.89,14.3333333333333,16.75,198.156666666667
0,0.0,0.62,331698,2.21,1143.82,17.21,98908,85,7.86666666666667,9.64,11.8933333333333,14.3366666666667,16.7466666666667,198.223333333333
0,0.0,0.62,179468,1.2,619.22,17.22,98904,85,7.87,9.65,11.91,14.35,16.7566666666667,198.296666666667
0,0.0,0.62,105578,0.7,365.12,17.23,98905,85,7.87666666666667,9.65,11.92,14.35,16.7566666666667,198.443333333333
0,0.0,0.62,51070,0.34,177.27,17.24,98907,85,7.88,9.66,11.92,14.35,16.7533333333333,198.513333333333
0,0.0,0.62,541202,3.61,1878.98,17.23,98910,85,7.89,9.66,11.92,14.35,16.7433333333333,198.663333333333
122852,0.82,424.56,705622,4.7,2477.19,17.22,98906,85,7.89,9.67,11.9266666666667,14.35,16.74,198.736666666667
0,0.0,0.62,322500,2.15,1111.99,17.21,98907,85,7.9,9.67,11.9333333333333,14.35,16.74,198.81
0,0.0,0.62,191704,1.28,661.28,17.19,98902,85,7.9,9.68,11.94,14.37,16.76,198.89
0,0.0,0.62,0,0.0,0.62,17.2,98905,85,7.90333333333333,9.68,11.94,14.3733333333333,16.77,198.966666666667
0,0.0,0.62,256137,1.71,882.96,17.2,98903,85,7.91,9.69,11.94,14.37,16.7633333333333,199.04
0,0.0,0.62,69715,0.46,241.59,17.19,98903,85,7.91,9.69,11.9466666666667,14.3766666666667,16.7666666666667,199.126666666667
112206,0.75,387.93,562340,3.75,1954.62,17.19,98904,85,7.92,9.69666666666667,11.95,14.4033333333333,16.81,199.193333333333
0,0.0,0.62,138697,0.92,479.06,17.18,98906,85,7.92,9.7,11.95,14.41,16.82,199.263333333333
84184,0.56,291.46,607792,4.05,2118.42,17.17,98904,85,7.92,9.7,11.9566666666667,14.41,16.82,199.34
0,0.0,0.62,81884,0.55,283.53,17.18,98907,85,7.93,9.71,11.9633333333333,14.4333333333333,16.84,199.413333333333
44594,0.3,154.91,295145,1.97,1017.46,17.17,98902,84,7.93,9.71,11.97,14.43,16.84,199.483333333333
205857,1.37,709.94,654645,4.36,2289.12,17.18,98908,84,7.93,9.71,11.97,14.43,16.8333333333333,199.563333333333
98768,0.66,341.68,426191,2.84,1472.64,17.19,98907,84,7.94,9.72,11.97,14.4366666666667,16.84,199.63
0,0.0,0.62,224823,1.5,775.17,17.16,98904,84,7.94,9.72,11.9766666666667,14.45,16.86,199.696666666667
0,0.0,0.62,365738,2.44,1261.87,17.16,98902,85,7.94,9.72,11.98,14.4466666666667,16.85,199.75
15469,0.1,54.21,510537,3.4,1769.83,17.17,98903,84,7.94666666666667,9.72,11.9766666666667,14.44,16.84,199.803333333333
0,0.0,0.62,588597,3.92,2049.04,17.19,98905,84,7.95,9.73,11.98,14.44,16.84,199.866666666667
0,0.0,0.62,389993,2.6,1346.24,17.17,98909,84,7.95,9.73,11.98,14.44,16.83,199.92
0,0.0,0.62,194467,1.3,670.78,17.2,98913,84,7.95333333333333,9.73,11.98,14.44,16.83,199.983333333333
157235,1.05,542.79,374859,2.5,1293.57,17.2,98912,84,7.96,9.73666666666667,11.98,14.43,16.82,200.056666666667
0,0.0,0.62,240030,1.6,827.5,17.2,98911,84,7.96,9.74,11.99,14.4366666666667,16.82,200.11
0,0.0,0.62,251158,1.67,865.81,17.2,98909,84,7.96333333333333,9.74,11.99,14.4366666666667,16.82,200.183333333333
0,0.0,0.62,306792,2.05,1057.68,17.19,98912,84,7.97,9.75,12.0,14.44,16.82,200.246666666667
0,0.0,0.62,145777,0.97,503.4,17.17,98909,84,7.97,9.75,12.0,14.44,16.81,200.316666666667
264546,1.76,911.93,837791,5.59,2978.08,17.17,98912,84,7.97,9.75,12.0,14.4333333333333,16.8066666666667,200.363333333333
151165,1.01,521.93,314698,2.1,1085.01,17.16,98910,84,7.98,9.75333333333333,12.0,14.43,16.8,200.41
31443,0.21,109.47,286965,1.91,989.23,17.14,98908,84,7.98,9.76,12.0033333333333,14.4333333333333,16.8,200.453333333333
0,0.0,0.62,72705,0.48,251.9,17.12,98906,84,7.98,9.76,12.01,14.44,16.8,200.51
127986,0.85,442.22,209724,1.4,723.24,17.12,98911,84,7.98666666666667,9.76666666666667,12.0133333333333,14.4366666666667,16.7966666666667,200.576666666667
0,0.0,0.62,356646,2.38,1230.3,17.13,98915,84,7.99,9.77,12.0166666666667,14.43,16.79,200.613333333333
0,0.0,0.62,259183,1.73,893.45,17.13,98911,84,7.99,9.77,12.01,14.43,16.78,200.666666666667
0,0.0,0.62,181616,1.21,626.6,17.12,98909,84,7.99,9.77,12.01,14.42,16.7733333333333,200.7
84106,0.56,291.19,158153,1.05,545.95,17.13,98911,84,7.99333333333333,9.77,12.0166666666667,14.4266666666667,16.77,200.736666666667
0,0.0,0.62,146628,0.98,506.33,17.12,98914,84,8.0,9.77,12.02,14.42,16.77,200.776666666667
0,0.0,0.62,283768,1.89,978.2,17.13,98912,84,8.0,9.77666666666667,12.02,14.42,16.76,200.786666666667
42324,0.28,147.07,191894,1.28,661.94,17.13,98908,84,8.0,9.78,12.02,14.4166666666667,16.7533333333333,200.793333333333
33099,0.22,115.19,557859,3.72,1938.56,17.13,98911,84,8.0,9.78,12.02,14.41,16.7466666666667,200.816666666667
258376,1.72,890.67,859913,5.73,3064.01,17.13,98913,84,8.0,9.78,12.0166666666667,14.4066666666667,16.74,200.826666666667
92802,0.62,321.14,444342,2.96,1536.25,17.13,98909,84,8.0,9.78,12.02,14.4066666666667,16.7333333333333,200.84
0,0.0,0.62,145705,0.97,503.15,17.13,98908,84,8.01,9.78,12.02,14.4,16.7266666666667,200.856666666667
36339,0.24,126.39,704726,4.7,2473.87,17.13,98910,85,8.01,9.78,12.02,14.4,16.72,200.88
184980,1.23,638.17,798170,5.32,2825.75,17.13,98905,85,8.01,9.78,12.02,14.39,16.7133333333333,200.9
78991,0.53,273.56,366251,2.44,1263.65,17.14,98909,85,8.01,9.78,12.02,14.39,16.7066666666667,200.91
0,0.0,0.62,323090,2.15,1114.03,17.15,98908,84,8.01666666666667,9.78666666666667,12.02,14.39,16.7,200.933333333333
57150,0.38,198.25,325108,2.17,1121.01,17.15,98911,85,8.02,9.79,12.02,14.4,16.7133333333333,200.976666666667
34411,0.23,119.72,222086,1.48,765.76,17.16,98911,85,8.02,9.79,12.02,14.4,16.72,201.02
52402,0.35,181.86,223539,1.49,770.76,17.16,98910,85,8.02666666666667,9.79666666666667,12.0233333333333,14.4033333333333,16.7166666666667,201.076666666667
48511,0.32,168.43,296328,1.98,1021.54,17.17,98912,85,8.03,9.80666666666667,12.04,14.4166666666667,16.7333333333333,201.183333333333
74228,0.49,257.15,549613,3.66,1909.04,17.17,98912,85,8.03666666666667,9.81,12.04,14.42,16.7566666666667,201.236666666667
194565,1.3,671.12,703901,4.69,2470.8,17.17,98911,85,8.04,9.81,12.04,14.42,16.75,201.283333333333
41829,0.28,145.36,706648,4.71,2481.01,17.17,98909,85,8.04,9.81,12.04,14.4133333333333,16.74,201.34
32065,0.21,111.62,498855,3.33,1728.42,17.19,98913,85,8.04666666666667,9.81,12.04,14.41,16.7333333333333,201.39
263373,1.76,907.89,472210,3.15,1634.27,17.2,98909,85,8.05,9.82,12.04,14.41,16.73,201.436666666667
0,0.0,0.62,63536,0.42,220.28,17.2,98908,84,8.05,9.82,12.05,14.4133333333333,16.7333333333333,201.493333333333
140414,0.94,484.96,661617,4.41,2314.69,17.2,98910,85,8.06,9.82666666666667,12.0533333333333,14.43,16.75,201.55
0,0.0,0.62,398944,2.66,1377.44,17.19,98911,85,8.06,9.83,12.06,14.43,16.75,201.61
120432,0.8,416.24,336326,2.24,1159.85,17.19,98912,85,8.06,9.83,12.05,14.42,16.74,201.55
70457,0.47,244.15,454942,3.03,1573.49,17.2,98908,85,8.06,9.83,12.06,14.42,16.7333333333333,201.603333333333
0,0.0,0.62,334527,2.23,1153.61,17.21,98907,85,8.06666666666667,9.83333333333333,12.06,14.4266666666667,16.7366666666667,201.68
10579,0.07,37.28,249523,1.66,860.18,17.21,98903,85,8.07,9.84,12.06,14.44,16.75,201.746666666667
45998,0.31,159.75,423711,2.82,1463.96,17.21,98905,85,8.07666666666667,9.84333333333333,12.0666666666667,14.4466666666667,16.76,201.826666666667
0,0.0,0.62,465732,3.1,1611.45,17.2,98907,85,8.08,9.85,12.0733333333333,14.4633333333333,16.7833333333333,201.96
318515,2.12,1098.2,862824,5.75,3075.37,17.2,98903,85,8.09,9.85666666666667,12.08,14.47,16.79,202.063333333333
237951,1.59,820.35,537700,3.58,1866.49,17.2,98906,85,8.09333333333333,9.87,12.1,14.4933333333333,16.8133333333333,202.156666666667
85580,0.57,296.26,734006,4.89,2583.07,17.19,98905,85,8.1,9.87666666666667,12.12,14.5166666666667,16.8333333333333,202.223333333333
0,0.0,0.62,292428,1.95,1008.08,17.2,98908,85,8.1,9.88,12.13,14.5166666666667,16.83,202.306666666667
0,0.0,0.62,158596,1.06,547.47,17.21,98903,85,8.11,9.88333333333333,12.13,14.52,16.83,202.413333333333
140838,0.94,486.42,562428,3.75,1954.93,17.22,98902,85,8.11,9.89,12.14,14.5233333333333,16.8333333333333,202.506666666667
0,0.0,0.62,463855,3.09,1604.84,17.22,98903,85,8.12,9.89666666666667,12.1466666666667,14.53,16.8366666666667,202.586666666667
0,0.0,0.62,0,0.0,0.62,17.22,98900,84,8.12,9.9,12.15,14.5366666666667,16.8466666666667,202.65
0,0.0,0.62,134092,0.89,463.22,17.22,98895,85,8.12666666666667,9.90666666666667,12.16,14.54,16.85,202.72
0,0.0,0.62,213898,1.43,737.6,17.22,98902,85,8.13,9.91,12.16,14.54,16.84,202.803333333333
0,0.0,0.62,550756,3.67,1913.13,17.21,98906,85,8.13,9.91,12.16,14.54,16.84,202.856666666667
0,0.0,0.62,14361,0.1,50.37,17.17,98907,85,8.13666666666667,9.91,12.16,14.5333333333333,16.8333333333333,202.896666666667
0,0.0,0.62,660547,4.4,2310.76,17.2,98906,84,8.14,9.91333333333333,12.1633333333333,14.5333333333333,16.8333333333333,202.936666666667
91790,0.61,317.65,426058,2.84,1472.17,17.16,98907,85,8.14666666666667,9.92,12.17,14.5366666666667,16.83,203.026666666667
0,0.0,0.62,159960,1.07,552.16,17.18,98906,85,8.15,9.92333333333333,12.17,14.5366666666667,16.8233333333333,203.066666666667
0,0.0,0.62,18116,0.12,63.37,17.23,98913,84,8.15,9.93,12.18,14.54,16.82,203.116666666667
241839,1.61,833.73,747723,4.98,2634.55,17.22,98915,84,8.15333333333333,9.93,12.18,14.53,16.8166666666667,203.156666666667
116460,0.78,402.57,543779,3.63,1888.19,17.23,98911,84,8.16,9.93333333333333,12.1766666666667,14.5466666666667,16.8366666666667,203.2
0,0.0,0.62,205178,1.37,707.61,17.22,98916,84,8.16,9.94,12.18,14.55,16.8466666666667,203.23
2147,0.01,8.06,580163,3.87,2018.65,17.24,98917,84,8.16,9.94,12.1866666666667,14.5566666666667,16.8466666666667,203.263333333333
0,0.0,0.62,200085,1.33,690.1,17.24,98913,84,8.16666666666667,9.94333333333333,12.19,14.5633333333333,16.85,203.316666666667
29283,0.2,102.0,664561,4.43,2325.5,17.25,98916,84,8.17,9.95,12.1966666666667,14.57,16.86,203.353333333333
0,0.0,0.62,240979,1.61,830.77,17.25,98916,84,8.17,9.95,12.1966666666667,14.57,16.85,203.41
0,0.0,0.62,61580,0.41,213.53,17.25,98917,84,8.17,9.95,12.2,14.57,16.85,203.443333333333
87647,0.58,303.38,386214,2.57,1333.08,17.26,98918,84,8.17333333333333,9.95333333333333,12.2,14.57,16.85,203.48
89414,0.6,309.47,278099,1.85,958.64,17.26,98920,84,8.18,9.95666666666667,12.2,14.57,16.8466666666667,203.513333333333
0,0.0,0.62,258566,1.72,891.33,17.26,98918,84,8.18,9.96,12.2,14.56,16.84,203.543333333333
112215,0.75,387.97,580745,3.87,2020.75,17.23,98923,84,8.18,9.96,12.21,14.56,16.84,203.58
0,0.0,0.62,110274,0.74,381.29,17.23,98921,84,8.18,9.96,12.21,14.56,16.8333333333333,203.61
595627,3.97,2074.42,1230353,8.2,4617.21,17.23,98917,84,8.19,9.97,12.21,14.61,16.9433333333333,203.653333333333
0,0.0,0.62,171943,1.15,593.35,17.22,98918,84,8.19,9.97,12.21,14.61,16.9433333333333,203.693333333333
0,0.0,0.62,59364,0.4,205.89,17.21,98918,84,8.19,9.97,12.22,14.61,16.94,203.783333333333
0,0.0,0.62,144443,0.96,498.81,17.2,98910,84,8.19333333333333,9.97666666666667,12.2233333333333,14.6133333333333,16.94,203.816666666667
0,0.0,0.62,91140,0.61,315.42,17.2,98912,84,8.2,9.98,12.23,14.6133333333333,16.94,203.846666666667
74407,0.5,257.76,464930,3.1,1608.63,17.2,98910,84,8.2,9.98,12.2266666666667,14.61,16.93,203.88
299380,2.0,1032.08,690047,4.6,2419.46,17.2,98909,83,8.2,9.98,12.2233333333333,14.6066666666667,16.9266666666667,203.913333333333
0,0.0,0.62,208731,1.39,719.83,17.2,98912,83,8.2,9.98,12.2233333333333,14.6066666666667,16.9233333333333,203.95
0,0.0,0.62,129575,0.86,447.69,17.18,98910,83,8.2,9.98,12.2233333333333,14.6,16.9166666666667,203.963333333333
227344,1.52,783.85,415589,2.77,1435.55,17.18,98914,83,8.2,9.98,12.2233333333333,14.6,16.91,203.98
9586,0.06,33.84,469910,3.13,1626.17,17.22,98922,83,8.2,9.98,12.2266666666667,14.6066666666667,16.9166666666667,203.99
170192,1.13,587.33,485909,3.24,1682.62,17.24,98918,83,8.2,9.98,12.2233333333333,14.6033333333333,16.9133333333333,203.993333333333
0,0.0,0.62,58614,0.39,203.3,17.23,98919,83,8.2,9.98,12.22,14.6,16.9066666666667,204.006666666667
0,0.0,0.62,167051,1.11,576.54,17.25,98915,83,8.2,9.98,12.22,14.59,16.9,204.0
86339,0.58,298.88,552770,3.69,1920.33,17.25,98916,82,8.20333333333333,9.98,12.22,14.5866666666667,16.89,204.013333333333
0,0.0,0.62,108662,0.72,375.74,17.26,98920,82,8.21,9.98,12.2166666666667,14.5833333333333,16.8833333333333,204.03
48591,0.32,168.71,288717,1.92,995.27,17.27,98917,83,8.21,9.98,12.22,14.59,16.8866666666667,204.04
59035,0.39,204.75,147799,0.99,510.35,17.28,98926,82,8.21,9.98,12.22,14.5833333333333,16.88,204.053333333333
0,0.0,0.62,88255,0.59,305.48,17.28,98928,83,8.21,9.98,12.22,14.58,16.8733333333333,204.063333333333
68651,0.46,237.92,200219,1.33,690.56,17.27,98929,83,8.21,9.98,12.22,14.5833333333333,16.88,204.07
55177,0.37,191.44,176115,1.17,607.69,17.3,98932,82,8.21,9.98,12.21,14.6,16.91,204.08
81537,0.54,282.34,124035,0.83,428.63,17.31,98937,82,8.21,9.98,12.2133333333333,14.5966666666667,16.9,204.08
0,0.0,0.62,503252,3.36,1743.99,17.31,98938,82,8.21,9.98,12.22,14.6033333333333,16.91,204.09
3888,0.03,14.1,241474,1.61,832.47,17.29,98936,83,8.21,9.98333333333333,12.22,14.62,16.9266666666667,204.116666666667
0,0.0,0.62,176870,1.18,610.29,17.28,98940,83,8.21,9.99,12.23,14.6166666666667,16.9266666666667,204.13
179666,1.2,619.9,520397,3.47,1804.86,17.28,98936,83,8.21,9.99,12.2266666666667,14.61,16.9166666666667,204.146666666667
51807,0.35,179.81,321045,2.14,1106.95,17.29,98938,82,8.21333333333333,9.99,12.22,14.61,16.91,204.16
0,0.0,0.62,2223,0.01,8.33,17.27,98930,83,8.22,9.99,12.2266666666667,14.61,16.91,204.17
0,0.0,0.62,29429,0.2,102.5,17.26,98931,83,8.22,9.99,12.23,14.6066666666667,16.9033333333333,204.19
0,0.0,0.62,149959,1.0,517.78,17.27,98931,83,8.22,9.99,12.23,14.6033333333333,16.9033333333333,204.173333333333
133764,0.89,462.09,673760,4.49,2359.34,17.27,98930,83,8.22,9.99,12.23,14.61,16.9066666666667,204.186666666667
0,0.0,0.62,385929,2.57,1332.09,17.26,98934,83,8.22,9.99,12.23,14.61,16.9033333333333,204.21
12322,0.08,43.31,295466,1.97,1018.57,17.27,98932,83,8.22,9.99,12.23,14.6,16.8933333333333,204.226666666667
0,0.0,0.62,86360,0.58,298.95,17.26,98937,82,8.22,9.99,12.2233333333333,14.5966666666667,16.8833333333333,204.23
86402,0.58,299.1,431800,2.88,1492.28,17.26,98932,83,8.22,9.99,12.22,14.59,16.8733333333333,204.233333333333
0,0.0,0.62,82663,0.55,286.22,17.27,98934,83,8.22,9.99,12.2233333333333,14.59,16.8733333333333,204.246666666667
0,0.0,0.62,0,0.0,0.62,17.27,98927,82,8.22,9.99,12.2266666666667,14.59,16.87,204.276666666667
0,0.0,0.62,324094,2.16,1117.5,17.26,98921,83,8.22333333333333,9.99,12.23,14.5866666666667,16.8633333333333,204.31
86448,0.58,299.25,540793,3.61,1877.52,17.25,98925,83,8.23,9.99,12.22,14.58,16.8566666666667,204.326666666667
136477,0.91,471.42,612842,4.09,2136.73,17.23,98921,83,8.23,9.99,12.22,14.5733333333333,16.85,204.32
0,0.0,0.62,122611,0.82,423.73,17.24,98926,83,8.23,9.99,12.22,14.5733333333333,16.8433333333333,204.33
0,0.0,0.62,112750,0.75,389.81,17.25,98924,83,8.23,9.99,12.2266666666667,14.5766666666667,16.8466666666667,204.33
141566,0.94,488.92,460630,3.07,1593.49,17.25,98932,82,8.23,9.99,12.23,14.5733333333333,16.84,204.343333333333
85717,0.57,296.74,518812,3.46,1799.22,17.24,98928,82,8.23,9.99,12.2233333333333,14.57,16.8333333333333,204.35
0,0.0,0.62,105788,0.71,365.85,17.22,98924,82,8.23,9.99,12.22,14.56,16.82,204.36
0,0.0,0.62,193043,1.29,665.89,17.22,98928,82,8.23,9.99,12.2233333333333,14.56,16.82,204.376666666667
0,0.0,0.62,281774,1.88,971.32,17.22,98930,83,8.23,9.99,12.23,14.56,16.8133333333333,204.393333333333
0,0.0,0.62,16075,0.11,56.3,17.22,98926,83,8.23,9.99,12.2266666666667,14.5566666666667,16.81,204.403333333333
88196,0.59,305.28,356885,2.38,1231.13,17.22,98927,82,8.23,9.99,12.22,14.55,16.8,204.416666666667
10025,0.07,35.36,240189,1.6,828.05,17.23,98925,83,8.23,9.99,12.22,14.55,16.7933333333333,204.446666666667
0,0.0,0.62,239950,1.6,827.23,17.22,98927,83,8.23,9.99,12.22,14.54,16.7833333333333,204.44
0,0.0,0.62,0,0.0,0.62,17.21,98926,82,8.23,9.99,12.22,14.54,16.7766666666667,204.45
317186,2.11,1093.61,524116,3.49,1818.09,17.21,98932,82,8.23,9.99,12.2133333333333,14.53,16.77,204.456666666667
0,0.0,0.62,383922,2.56,1325.1,17.21,98934,82,8.23,9.99,12.2166666666667,14.54,16.7766666666667,204.463333333333
0,0.0,0.62,179711,1.2,620.06,17.2,98938,83,8.23,9.99333333333333,12.22,14.56,16.8033333333333,204.48
0,0.0,0.62,14595,0.1,51.18,17.19,98941,83,8.23,10.0,12.22,14.5666666666667,16.81,204.48
4407,0.03,15.89,236586,1.58,815.65,17.22,98942,82,8.23,9.99,12.22,14.56,16.8066666666667,204.473333333333
156141,1.04,539.03,416825,2.78,1439.87,17.23,98942,82,8.23333333333333,9.99,12.22,14.56,16.8066666666667,204.48
10724,0.07,37.78,197486,1.32,681.16,17.21,98941,82,8.23333333333333,9.99,12.2166666666667,14.56,16.8533333333333,204.46
254630,1.7,877.77,797609,5.32,2823.6,17.22,98943,83,8.23,9.99,12.22,14.57,16.96,204.44
0,0.0,0.62,313981,2.09,1082.53,17.26,98946,82,8.23,9.99333333333333,12.22,14.57,16.96,204.44
0,0.0,0.62,102830,0.69,355.67,17.28,98946,82,8.23,9.99,12.22,14.57,16.95,204.43
266830,1.78,919.8,694496,4.63,2435.92,26.37,98915,46,17.2933333333333,19.5933333333333,20.9233333333333,20.8966666666667,20.93,396.23
29647,0.2,103.26,206675,1.38,712.76,26.37,98906,46,11.8,14.7566666666667,14.56,37.9833333333333,73.9266666666667,321.123333333333
0,0.0,0.62,0,0.0,0.62,26.39,98910,45,10.4266666666667,12.71,12.5833333333333,31.97,88.34,297.786666666667
0,0.0,0.62,142589,0.95,492.44,26.42,98908,46,9.76666666666667,11.8466666666667,12.5166666666667,26.7533333333333,67.7433333333333,289.743333333333
0,0.0,0.62,132601,0.88,458.09,26.42,98904,45,9.54333333333333,11.9333333333333,14.02,25.6633333333333,58.24,285.793333333333
0,0.0,0.62,29300,0.2,102.06,26.43,98908,45,8.92666666666667,11.1833333333333,13.73,22.4233333333333,45.5766666666667,274.79
0,0.0,0.62,0,0.0,0.62,26.44,98904,45,8.82666666666667,10.88,13.1833333333333,20.7333333333333,40.8666666666667,273.546666666667
0,0.0,0.62,0,0.0,0.62,26.54,98894,45,8.72,10.6133333333333,12.86,19.57,37.4133333333333,272.176666666667
0,0.0,0.62,0,0.0,0.62,26.62,98894,45,8.62333333333333,10.59,13.14,20.3466666666667,36.9566666666667,271.106666666667
0,0.0,0.62,112683,0.75,389.58,26.72,98902,46,8.50333333333333,10.4,12.7066666666667,20.51,37.1733333333333,267.256666666667
0,0.0,0.62,175762,1.17,606.48,26.79,98902,46,8.37,10.31,12.46,22.07,40.4133333333333,263.043333333333
71837,0.48,248.9,232399,1.55,801.24,26.93,98901,45,8.22666666666667,10.0066666666667,11.99,20.2033333333333,35.8833333333333,258.806666666667
8218,0.05,29.1,125101,0.83,432.3,26.91,98897,46,8.13333333333333,9.84666666666667,11.7566666666667,19.4066666666667,34.0166666666667,256.146666666667
108323,0.72,374.57,185850,1.24,641.16,26.91,98903,46,8.02333333333333,9.66,11.44,19.0733333333333,33.11,253.313333333333
0,0.0,0.62,33269,0.22,115.78,26.79,98902,43,7.94666666666667,9.55666666666667,11.1833333333333,19.29,33.1666666666667,250.843333333333
0,0.0,0.62,0,0.0,0.62,26.69,98902,43,7.87333333333333,9.41,10.9633333333333,18.61,31.7033333333333,248.506666666667
0,0.0,0.62,59904,0.4,207.75,26.68,98901,42,7.77666666666667,9.25,10.7366666666667,17.9733333333333,30.3633333333333,245.753333333333
33626,0.22,117.01,207196,1.38,714.55,26.72,98897,42,7.62666666666667,9.02666666666667,10.44,16.9733333333333,28.1666666666667,242.183333333333
723931,4.83,2545.39,954095,6.36,3437.48,26.79,98895,43,7.58666666666667,9.02,10.47,17.2466666666667,31.7,241.303333333333
0,0.0,0.62,1565434,10.44,6263.91,26.84,98894,42,7.54,8.96666666666667,10.44,17.18,32.8466666666667,240.373333333333
19961,0.13,69.75,1334476,8.9,5100.59,26.81,98899,41,7.49,8.86,10.28,16.7366666666667,31.7433333333333,239.276666666667
0,0.0,0.62,1632293,10.88,6626.72,26.79,98900,42,7.42666666666667,8.74666666666667,10.1233333333333,16.3166666666667,30.7166666666667,237.99
0,0.0,0.62,130151,0.87,449.67,26.77,98893,41,7.39666666666667,8.68333333333333,10.0233333333333,15.97,29.81,237.503333333333
41852,0.28,145.43,1646356,10.98,6704.64,26.74,98897,41,7.38333333333333,8.74333333333333,10.1833333333333,16.9766666666667,36.8466666666667,238.16
168571,1.12,581.76,351845,2.35,1213.64,26.75,98896,42,7.37333333333333,8.71333333333333,10.1566666666667,16.7333333333333,35.9066666666667,239.166666666667
0,0.0,0.62,98736,0.66,341.57,26.94,98895,43,7.29666666666667,8.56666666666667,9.94,16.0733333333333,33.9533333333333,237.44
0,0.0,0.62,0,0.0,0.62,27.04,98887,43,7.24666666666667,8.48,9.82,15.7533333333333,33.05,236.133333333333
0,0.0,0.62,4623,0.03,16.64,27.05,98888,41,7.24,8.45,9.75666666666667,15.5066666666667,32.2566666666667,235.843333333333
0,0.0,0.62,0,0.0,0.62,27.05,98889,42,7.22333333333333,8.40333333333333,9.68333333333333,15.2533333333333,31.4933333333333,235.32
0,0.0,0.62,3136,0.02,11.49,27.2,98892,44,7.18333333333333,8.30333333333333,9.52333333333333,14.7733333333333,30.0766666666667,233.936666666667
0,0.0,0.62,89615,0.6,310.16,27.19,98897,43,7.17333333333333,8.29,9.5,14.6833333333333,29.5966666666667,233.8
0,0.0,0.62,113493,0.76,392.36,27.27,98904,43,7.16666666666667,8.29333333333333,9.52333333333333,14.73,29.3266666666667,233.463333333333
0,0.0,0.62,0,0.0,0.62,27.28,98904,42,7.15666666666667,8.27333333333333,9.51,14.5766666666667,28.7833333333333,233.116666666667
0,0.0,0.62,67411,0.45,233.64,27.33,98888,41,7.14,8.25,9.45,14.6933333333333,30.6366666666667,232.633333333333
0,0.0,0.62,0,0.0,0.62,27.39,98883,42,7.12,8.23,9.41333333333333,14.6733333333333,31.2533333333333,232.15
82051,0.55,284.11,459814,3.07,1590.62,27.46,98885,42,6.94666666666667,8.03,9.19666666666667,14.4133333333333,30.8566666666667,228.76
0,0.0,0.62,236085,1.57,813.92,27.53,98889,42,6.87,7.87,9.07666666666667,13.31,28.1033333333333,226.396666666667
0,0.0,0.62,0,0.0,0.62,27.58,98889,42,6.81,7.81666666666667,9.09666666666667,13.1133333333333,25.8866666666667,224.626666666667
0,0.0,0.62,126359,0.84,436.63,27.56,98882,41,6.76333333333333,7.73666666666667,8.95666666666667,12.95,25.71,222.893333333333
0,0.0,0.62,47117,0.31,163.62,27.49,98885,42,6.7,7.59,8.63666666666667,12.5766666666667,25.28,220.95
64247,0.43,222.73,168677,1.12,582.13,27.56,98892,42,6.65,7.51,8.49,12.4166666666667,25.1,219.296666666667
0,0.0,0.62,0,0.0,0.62,27.55,98886,40,6.61666666666667,7.44,8.37,12.26,24.9233333333333,217.753333333333
0,0.0,0.62,0,0.0,0.62,27.55,98885,40,6.54333333333333,7.36666666666667,8.30333333333333,12.21,24.89,215.36
364184,2.43,1256.47,1091987,7.28,4009.18,27.58,98889,41,6.49,7.30666666666667,8.22,12.18,24.8733333333333,213.253333333333
0,0.0,0.62,888786,5.93,3177.16,27.48,98878,39,6.43333333333333,7.23333333333333,8.11,11.9133333333333,24.53,211.103333333333
0,0.0,0.62,118404,0.79,409.26,27.45,98879,38,6.38,7.19666666666667,8.11666666666667,11.94,24.32,209.566666666667
0,0.0,0.62,87625,0.58,303.31,27.52,98875,39,6.33666666666667,7.11333333333333,8.04666666666667,11.1766666666667,22.6733333333333,208.343333333333
0,0.0,0.62,279854,1.87,964.7,27.57,98881,37,6.28,7.05333333333333,8.00333333333333,11.1633333333333,22.6766666666667,206.726666666667
0,0.0,0.62,73050,0.49,253.09,27.65,98877,39,6.21333333333333,6.98333333333333,7.93333333333333,11.0933333333333,22.6033333333333,204.793333333333
0,0.0,0.62,0,0.0,0.62,27.73,98881,39,6.17,6.94666666666667,7.89,11.2133333333333,22.81,203.36
0,0.0,0.62,0,0.0,0.62,27.71,98870,39,6.13333333333333,6.94,7.90333333333333,11.36,22.99,202.176666666667
0,0.0,0.62,0,0.0,0.62,27.76,98870,39,6.08666666666667,6.86333333333333,7.85666666666667,10.93,22.28,200.906666666667
0,0.0,0.62,136199,0.91,470.47,27.8,98875,39,6.05,6.85666666666667,7.93666666666667,11.03,22.4,199.756666666667
0,0.0,0.62,2648,0.02,9.8,27.9,98877,40,6.02333333333333,6.91333333333333,8.14,11.56,23.1833333333333,198.993333333333
0,0.0,0.62,0,0.0,0.62,27.93,98866,40,6.01333333333333,6.93666666666667,8.11666666666667,12.1233333333333,24.1633333333333,198.43
0,0.0,0.62,137933,0.92,476.43,27.69,98870,39,6.01666666666667,6.93333333333333,8.11333333333333,12.1233333333333,24.1666666666667,198.113333333333
0,0.0,0.62,1699892,11.33,7006.52,27.64,98871,41,6.0,6.88,8.05333333333333,11.77,21.7633333333333,197.833333333333
24673,0.16,86.06,222193,1.48,766.13,27.59,98866,39,5.99666666666667,6.85333333333333,7.98666666666667,11.5533333333333,20.5133333333333,197.486666666667
0,0.0,0.62,0,0.0,0.62,27.5,98863,40,5.99666666666667,6.85,7.98,11.55,20.51,196.84
551065,3.67,1914.23,2863259,19.09,16192.69,27.46,98863,40,5.99333333333333,6.87333333333333,8.01,11.58,20.54,196.11
0,0.0,0.62,2219009,14.79,10422.77,27.41,98863,40,5.98666666666667,6.88,8.05333333333333,11.62,20.59,195.123333333333
0,0.0,0.62,0,0.0,0.62,27.42,98867,40,5.95333333333333,6.79,7.88666666666667,10.74,15.34,193.403333333333
0,0.0,0.62,14509,0.1,50.88,27.36,98862,40,5.92,6.75,7.82666666666667,10.66,15.2433333333333,191.49
0,0.0,0.62,75828,0.51,262.66,27.34,98859,40,5.89333333333333,6.74,7.79333333333333,10.9733333333333,15.8833333333333,190.793333333333
0,0.0,0.62,0,0.0,0.62,27.31,98862,41,5.91,6.85333333333333,7.98333333333333,11.9166666666667,17.5166666666667,190.963333333333
0,0.0,0.62,76020,0.51,263.32,27.19,98856,40,5.89666666666667,6.85333333333333,8.02,11.9866666666667,17.6066666666667,190.796666666667
0,0.0,0.62,0,0.0,0.62,27.46,98800,38,5.64,6.635,8.03,12.075,18.295,195.295
0,0.0,0.62,0,0.0,0.62,27.46,98804,38,5.59333333333333,6.59666666666667,7.98333333333333,12.2533333333333,18.5966666666667,193.81
0,0.0,0.62,86176,0.57,298.32,27.48,98801,38,5.56666666666667,6.58,7.99666666666667,12.27,18.6233333333333,192.536666666667
0,0.0,0.62,223760,1.49,771.52,27.49,98796,38,5.57,6.53666666666667,7.83333333333333,12.0633333333333,18.3833333333333,192.576666666667
0,0.0,0.62,0,0.0,0.62,27.55,98795,37,5.53333333333333,6.48333333333333,7.83,11.1133333333333,15.1766666666667,191.613333333333
0,0.0,0.62,0,0.0,0.62,27.58,98793,37,5.49666666666667,6.48,7.92666666666667,10.7333333333333,13.6866666666667,190.483333333333
0,0.0,0.62,32470,0.22,113.02,27.6,98791,37,5.43666666666667,6.40333333333333,7.85666666666667,10.6666666666667,13.6166666666667,188.99
0,0.0,0.62,126238,0.84,436.21,27.6,98794,36,5.39666666666667,6.35666666666667,7.79666666666667,10.6066666666667,13.5566666666667,187.66
0,0.0,0.62,0,0.0,0.62,27.62,98792,36,5.35,6.29333333333333,7.72333333333333,10.53,13.48,186.183333333333
0,0.0,0.62,0,0.0,0.62,27.63,98786,35,5.31,6.25,7.59333333333333,10.7133333333333,13.96,184.673333333333
0,0.0,0.62,0,0.0,0.62,27.62,98783,36,5.27,6.25333333333333,7.54,11.4466666666667,16.3466666666667,183.28
0,0.0,0.62,74685,0.5,258.72,27.61,98781,35,5.23,6.19,7.41333333333333,11.22,17.57,181.906666666667
7050,0.05,25.05,171944,1.15,593.36,27.63,98781,36,5.18,6.11,7.35666666666667,10.5333333333333,15.8133333333333,180.223333333333
0,0.0,0.62,4314,0.03,15.57,27.59,98780,35,5.14,6.08666666666667,7.37,10.5433333333333,15.8333333333333,178.896666666667
0,0.0,0.62,0,0.0,0.62,27.61,98785,36,5.1,6.04666666666667,7.36666666666667,10.56,15.8666666666667,177.65
0,0.0,0.62,0,0.0,0.62,27.59,98782,35,5.06,6.01,7.34666666666667,10.55,15.8633333333333,176.28
0,0.0,0.62,80450,0.54,278.59,27.58,98788,35,5.02333333333333,5.98333333333333,7.19666666666667,11.13,17.0233333333333,175.213333333333
0,0.0,0.62,149003,0.99,514.49,27.59,98791,36,4.97666666666667,5.9,7.02333333333333,10.8633333333333,16.6966666666667,173.786666666667
374053,2.49,1290.76,425672,2.84,1470.82,27.58,98793,35,4.93666666666667,5.86666666666667,7.0,10.93,16.8133333333333,172.483333333333
0,0.0,0.62,9925,0.07,35.01,27.59,98798,35,4.89333333333333,5.82666666666667,6.98333333333333,10.86,16.6466666666667,170.816666666667
0,0.0,0.62,33263,0.22,115.76,27.55,98798,34,4.86333333333333,5.78666666666667,6.98333333333333,10.3733333333333,15.77,169.703333333333
0,0.0,0.62,0,0.0,0.62,27.55,98796,35,4.83333333333333,5.80333333333333,7.09,10.57,16.0133333333333,168.416666666667
0,0.0,0.62,34730,0.23,120.83,27.55,98800,35,4.79333333333333,5.8,7.21,10.8133333333333,16.33,166.996666666667
0,0.0,0.62,5841,0.04,20.86,27.58,98801,36,4.77333333333333,5.76333333333333,7.14333333333333,10.7433333333333,16.26,165.99
0,0.0,0.62,0,0.0,0.62,27.61,98800,36,4.74666666666667,5.72666666666667,7.09666666666667,10.6266666666667,16.11,165.146666666667
0,0.0,0.62,88014,0.59,304.65,27.58,98803,35,4.72,5.71,7.09,10.62,16.1033333333333,164.163333333333
0,0.0,0.62,7807,0.05,27.67,27.56,98800,35,4.68666666666667,5.67333333333333,7.02,10.46,15.9033333333333,163.066666666667
144737,0.96,499.83,197210,1.31,680.21,27.52,98795,35,4.62,5.59333333333333,6.92333333333333,10.3166666666667,15.7333333333333,160.85
0,0.0,0.62,0,0.0,0.62,27.53,98792,35,4.60666666666667,5.57666666666667,6.90333333333333,10.3033333333333,15.7133333333333,160.263333333333
0,0.0,0.62,0,0.0,0.62,27.52,98796,35,4.6,5.56,6.88666666666667,10.28,15.7,159.816666666667
0,0.0,0.62,0,0.0,0.62,27.49,98794,35,4.58333333333333,5.54666666666667,6.88333333333333,10.2766666666667,15.6966666666667,159.633333333333
0,0.0,0.62,58074,0.39,201.44,27.48,98793,35,4.55666666666667,5.50333333333333,6.80333333333333,10.1966666666667,15.6133333333333,159.41
47048,0.31,163.38,95508,0.64,330.46,27.49,98789,34,4.53666666666667,5.45333333333333,6.68,10.0466666666667,15.44,159.213333333333
0,0.0,0.62,81562,0.54,282.42,27.48,98790,35,4.51666666666667,5.38666666666667,6.54,9.87,15.23,158.8
0,0.0,0.62,102201,0.68,353.5,27.51,98788,34,4.51333333333333,5.37,6.51,9.84,15.2,158.76
0,0.0,0.62,89696,0.6,310.44,27.52,98789,34,4.5,5.35,6.48,9.80333333333333,15.16,158.2
0,0.0,0.62,14909,0.1,52.27,27.52,98782,36,4.44333333333333,5.25,6.28333333333333,9.56,14.8833333333333,156.49
0,0.0,0.62,1972,0.01,7.46,27.55,98781,35,4.43,5.24,6.27666666666667,9.55333333333333,14.88,155.596666666667
0,0.0,0.62,19419,0.13,67.88,27.55,98786,34,4.41,5.23666666666667,6.3,9.44,14.6833333333333,154.646666666667
0,0.0,0.62,63726,0.42,220.94,27.53,98772,32,4.39333333333333,5.19,6.26333333333333,9.11,14.19,153.79
0,0.0,0.62,0,0.0,0.62,27.56,98786,33,4.37666666666667,5.14333333333333,6.14,8.97333333333333,14.0366666666667,152.99
0,0.0,0.62,18064,0.12,63.19,27.53,98780,32,4.35,5.13333333333333,6.15333333333333,9.00333333333333,14.0733333333333,151.963333333333
0,0.0,0.62,70244,0.47,243.41,27.54,98783,32,4.34,5.14,6.20666666666667,9.24666666666667,14.4133333333333,150.99
0,0.0,0.62,0,0.0,0.62,27.6,98779,33,4.33,5.11333333333333,6.09666666666667,9.32666666666667,14.63,150.65
0,0.0,0.62,29462,0.2,102.62,27.64,98778,33,4.33,5.21,6.16666666666667,10.4966666666667,16.5133333333333,150.9
0,0.0,0.62,0,0.0,0.62,27.66,98776,33,4.33,5.26333333333333,6.31333333333333,10.7833333333333,16.88,151.203333333333
0,0.0,0.62,0,0.0,0.62,27.68,98776,31,4.33666666666667,5.28666666666667,6.37,10.86,16.97,151.32
0,0.0,0.62,0,0.0,0.62,27.69,98772,31,4.33666666666667,5.25666666666667,6.34333333333333,10.4566666666667,16.2333333333333,151.55
313120,2.09,1079.55,475854,3.17,1647.12,27.71,98776,31,4.34,5.2,6.29666666666667,9.52,13.59,151.98
0,0.0,0.62,68888,0.46,238.74,27.71,98773,31,4.34666666666667,5.19,6.31,9.24,11.2766666666667,152.273333333333
0,0.0,0.62,0,0.0,0.62,27.74,98772,31,4.36,5.2,6.31666666666667,9.27666666666667,11.3166666666667,152.93
0,0.0,0.62,45665,0.3,158.6,27.76,98768,31,4.37666666666667,5.19666666666667,6.26666666666667,9.22666666666667,11.26,153.473333333333
0,0.0,0.62,143418,0.96,495.29,27.78,98772,32,4.39333333333333,5.21,6.25666666666667,9.19666666666667,11.22,154.106666666667
0,0.0,0.62,0,0.0,0.62,27.78,98771,32,4.39666666666667,5.23,6.30333333333333,9.23,11.25,154.443333333333
0,0.0,0.62,0,0.0,0.62,27.84,98776,32,4.39,5.18666666666667,6.32,8.51666666666667,9.94666666666667,154.056666666667
0,0.0,0.62,0,0.0,0.62,27.88,98770,32,4.39,5.17333333333333,6.3,8.49333333333333,9.92333333333333,154.046666666667
0,0.0,0.62,118822,0.79,410.7,27.87,98783,32,4.38333333333333,5.16666666666667,6.29,8.39,9.77333333333333,153.753333333333
0,0.0,0.62,107750,0.72,372.6,27.77,98777,32,4.39333333333333,5.2,6.28666666666667,9.02,11.82,153.863333333333
0,0.0,0.62,0,0.0,0.62,27.74,98778,32,4.4,5.16,6.16,8.8,11.5466666666667,154.173333333333
0,0.0,0.62,0,0.0,0.62,27.7,98784,32,4.41,5.12333333333333,5.99,8.77333333333333,11.9633333333333,154.34
0,0.0,0.62,0,0.0,0.62,27.69,98779,33,4.40333333333333,5.14,6.0,9.31,13.52,154.35
45836,0.31,159.19,152109,1.01,525.17,27.65,98788,32,4.38666666666667,5.10333333333333,5.88333333333333,9.34333333333333,13.63,153.853333333333
0,0.0,0.62,0,0.0,0.62,27.62,98777,31,4.38666666666667,5.12,5.86666666666667,9.63,14.0866666666667,153.726666666667
0,0.0,0.62,0,0.0,0.62,27.59,98781,32,4.39,5.12666666666667,5.87666666666667,9.64,14.0966666666667,154.0
0,0.0,0.62,0,0.0,0.62,27.58,98774,32,4.38666666666667,5.13333333333333,5.9,9.66,14.1166666666667,154.183333333333
0,0.0,0.62,0,0.0,0.62,27.57,98781,33,4.38333333333333,5.13333333333333,5.89666666666667,9.65666666666667,14.1166666666667,154.323333333333
0,0.0,0.62,4749,0.03,17.08,27.58,98781,30,4.37333333333333,5.12333333333333,5.88333333333333,9.64333333333333,14.1033333333333,153.95
0,0.0,0.62,28656,0.19,99.83,27.58,98774,30,4.36666666666667,5.11333333333333,5.87,9.63,14.09,153.456666666667
216087,1.44,745.12,258442,1.72,890.9,27.58,98770,30,4.36,5.15333333333333,5.82333333333333,10.69,16.4733333333333,153.19
274276,1.83,945.46,340686,2.27,1174.95,27.6,98775,30,4.36333333333333,5.15333333333333,5.82333333333333,10.6933333333333,16.4733333333333,152.97
0,0.0,0.62,0,0.0,0.62,27.63,98772,30,4.36333333333333,5.15333333333333,5.82,10.6866666666667,16.47,152.796666666667
0,0.0,0.62,76505,0.51,264.99,27.65,98774,29,4.36666666666667,5.16666666666667,5.85666666666667,10.8833333333333,16.7466666666667,152.7
0,0.0,0.62,134384,0.9,464.23,27.65,98775,29,4.34666666666667,5.17666666666667,5.9,11.1266666666667,17.0866666666667,152.3
0,0.0,0.62,0,0.0,0.62,27.67,98772,30,4.33666666666667,5.15666666666667,5.87333333333333,11.1566666666667,17.1466666666667,151.97
0,0.0,0.62,5542,0.04,19.83,27.69,98771,30,4.32,5.12666666666667,5.81,11.0866666666667,17.0633333333333,151.203333333333
0,0.0,0.62,0,0.0,0.62,27.73,98770,30,4.32333333333333,5.15333333333333,5.88,11.1966666666667,17.2033333333333,151.436666666667
105364,0.7,364.39,184276,1.23,635.75,27.78,98769,29,4.31666666666667,5.19,5.98666666666667,11.3333333333333,17.3566666666667,151.496666666667
77265,0.52,267.61,279453,1.86,963.31,27.84,98779,29,4.31,5.22666666666667,6.05333333333333,11.7533333333333,17.9766666666667,151.516666666667
0,0.0,0.62,39805,0.27,138.36,27.87,98781,31,4.31,5.26333333333333,6.16333333333333,12.0,18.2933333333333,151.736666666667
0,0.0,0.62,0,0.0,0.62,27.88,98784,29,4.30666666666667,5.29666666666667,6.25333333333333,12.1633333333333,18.4933333333333,151.796666666667
0,0.0,0.62,53409,0.36,185.34,27.86,98772,29,4.3,5.26666666666667,6.18,12.0666666666667,18.38,152.01
0,0.0,0.62,0,0.0,0.62,27.84,98780,29,4.30333333333333,5.23333333333333,6.08666666666667,11.7833333333333,18.0033333333333,152.326666666667
0,0.0,0.62,157665,1.05,544.27,27.85,98781,30,4.30666666666667,5.21666666666667,6.06333333333333,11.5666666666667,17.64,152.176666666667
53656,0.36,186.19,212248,1.41,731.92,27.87,98771,30,4.25333333333333,5.06,5.91333333333333,10.33,15.6833333333333,150.42
52517,0.35,182.26,160922,1.07,555.47,27.86,98771,29,4.07333333333333,4.8,5.50666666666667,9.76333333333333,15.02,144.293333333333
0,0.0,0.62,0,0.0,0.62,27.9,98777,28,4.05666666666667,4.78333333333333,5.48333333333333,9.73333333333333,14.9933333333333,143.733333333333
0,0.0,0.62,168237,1.12,580.61,27.9,98780,29,4.02333333333333,4.75,5.45333333333333,9.70333333333333,14.9633333333333,142.72
0,0.0,0.62,0,0.0,0.62,27.89,98775,28,4.01666666666667,4.76,5.45333333333333,9.90666666666667,16.5766666666667,142.32
0,0.0,0.62,0,0.0,0.62,27.94,98772,28,4.01,4.76,5.39666666666667,10.24,19.7366666666667,141.826666666667
0,0.0,0.62,160219,1.07,553.05,27.97,98769,29,3.99666666666667,4.75666666666667,5.4,10.24,19.7366666666667,141.32
0,0.0,0.62,0,0.0,0.62,27.99,98772,29,3.98,4.76,5.45,10.3066666666667,19.8133333333333,140.663333333333
0,0.0,0.62,0,0.0,0.62,28.02,98771,28,3.98,4.79,5.44,10.9433333333333,21.41,140.283333333333
0,0.0,0.62,80025,0.53,277.13,28.06,98782,28,3.98333333333333,4.79666666666667,5.41666666666667,11.2366666666667,22.1733333333333,140.436666666667
0,0.0,0.62,34141,0.23,118.79,28.1,98775,27,3.98333333333333,4.85666666666667,5.62,11.5733333333333,22.5966666666667,140.286666666667
122421,0.82,423.08,350254,2.34,1208.12,28.12,98777,27,3.98333333333333,4.84666666666667,5.61666666666667,11.5733333333333,22.5933333333333,140.11
0,0.0,0.62,137033,0.91,473.34,28.16,98778,27,3.98666666666667,4.81,5.57666666666667,10.99,20.9966666666667,140.036666666667
0,0.0,0.62,7098,0.05,25.22,28.19,98780,28,3.97666666666667,4.82,5.64666666666667,10.9266666666667,21.45,139.543333333333
0,0.0,0.62,0,0.0,0.62,28.18,98777,26,3.96333333333333,4.84,5.65,11.5833333333333,24.7966666666667,139.086666666667
0,0.0,0.62,134834,0.9,465.77,28.22,98779,27,3.95666666666667,4.89,5.75666666666667,12.2666666666667,26.34,138.693333333333
0,0.0,0.62,104239,0.69,360.52,28.24,98791,27,3.93333333333333,4.89,5.88666666666667,11.97,25.1,137.946666666667
166794,1.11,575.65,340468,2.27,1174.19,28.27,98777,26,3.93333333333333,4.87666666666667,5.87333333333333,11.8133333333333,24.8466666666667,137.63
0,0.0,0.62,102332,0.68,353.95,28.31,98787,26,3.93,4.86,5.88,11.5133333333333,24.38,137.22
27302,0.18,95.15,120002,0.8,414.76,28.35,98788,27,3.93333333333333,4.86333333333333,5.89,11.5266666666667,24.39,137.123333333333
0,0.0,0.62,0,0.0,0.62,28.37,98780,27,3.93,4.86333333333333,5.90666666666667,11.54,24.41,136.94
0,0.0,0.62,3987,0.03,14.44,28.39,98786,27,3.92,4.86333333333333,5.93333333333333,11.5733333333333,24.4433333333333,136.77
197537,1.32,681.34,491104,3.27,1700.99,28.4,98786,27,3.91,4.87,5.98666666666667,11.63,24.51,136.373333333333
0,0.0,0.62,0,0.0,0.62,28.4,98789,27,3.90333333333333,4.86666666666667,5.99666666666667,11.6466666666667,24.53,136.01
0,0.0,0.62,0,0.0,0.62,28.46,98778,26,3.88666666666667,4.79666666666667,5.98333333333333,10.5266666666667,22.0866666666667,135.316666666667
0,0.0,0.62,0,0.0,0.62,28.55,98770,26,3.86333333333333,4.78333333333333,6.0,10.5433333333333,22.1066666666667,134.83
0,0.0,0.62,0,0.0,0.62,28.62,98777,26,3.85333333333333,4.79,6.06,10.61,22.1833333333333,134.57
0,0.0,0.62,0,0.0,0.62,28.7,98774,26,3.84,4.75333333333333,6.00333333333333,10.3933333333333,21.8833333333333,134.143333333333
0,0.0,0.62,0,0.0,0.62,28.76,98773,25,3.84666666666667,4.74,5.94333333333333,10.14,21.53,134.083333333333
0,0.0,0.62,53654,0.36,186.18,28.8,98780,27,3.83666666666667,4.72,5.91,10.0433333333333,21.4066666666667,133.976666666667
63851,0.43,221.37,194108,1.29,669.55,28.81,98777,26,3.85,4.73,5.91333333333333,10.0433333333333,21.41,134.523333333333
0,0.0,0.62,0,0.0,0.62,28.8,98774,26,3.85333333333333,4.69333333333333,5.81666666666667,9.89666666666667,21.23,134.176666666667
0,0.0,0.62,10876,0.07,38.3,28.87,98780,27,3.85,4.65333333333333,5.71666666666667,9.9,21.2733333333333,133.76
0,0.0,0.62,0,0.0,0.62,28.86,98773,26,3.84666666666667,4.61666666666667,5.65666666666667,9.73333333333333,21.03,133.586666666667
0,0.0,0.62,15501,0.1,54.32,28.91,98779,27,3.84333333333333,4.58666666666667,5.57,9.49666666666667,20.7233333333333,133.526666666667
0,0.0,0.62,0,0.0,0.62,28.96,98775,25,3.83333333333333,4.55666666666667,5.51,9.37,20.5633333333333,133.43
0,0.0,0.62,281,0.0,1.59,29.01,98772,25,3.83,4.58,5.56333333333333,9.42,20.6166666666667,133.13
0,0.0,0.62,37126,0.25,129.11,29.02,98777,26,3.82,4.56666666666667,5.55,9.40666666666667,20.6033333333333,132.633333333333
0,0.0,0.62,0,0.0,0.62,29.05,98773,27,3.81,4.56666666666667,5.55333333333333,9.41333333333333,20.6033333333333,132.436666666667
0,0.0,0.62,7427,0.05,26.36,29.1,98773,27,3.85666666666667,4.63333333333333,5.66666666666667,9.53,20.74,133.73
0,0.0,0.62,0,0.0,0.62,29.17,98766,27,3.95,4.74333333333333,5.8,9.67,20.8866666666667,137.28
0,0.0,0.62,0,0.0,0.62,29.29,98773,26,4.01,4.81666666666667,5.88,9.75,20.96,138.916666666667
0,0.0,0.62,163634,1.09,564.79,29.32,98774,26,4.00666666666667,4.81333333333333,5.87666666666667,9.74333333333333,20.9566666666667,138.763333333333
0,0.0,0.62,0,0.0,0.62,29.43,98775,27,4.03666666666667,4.83666666666667,5.90666666666667,9.77333333333333,20.9866666666667,139.476666666667
0,0.0,0.62,0,0.0,0.62,29.44,98772,27,4.05,4.83666666666667,5.90666666666667,9.57666666666667,19.3733333333333,139.853333333333
0,0.0,0.62,0,0.0,0.62,29.48,98780,27,4.06,4.84333333333333,5.97333333333333,9.24333333333333,16.2133333333333,140.2
0,0.0,0.62,576,0.0,2.62,29.59,98773,25,4.06666666666667,4.84666666666667,5.96666666666667,9.23666666666667,16.2066666666667,140.496666666667
0,0.0,0.62,259477,1.73,894.46,29.67,98772,25,4.07333333333333,4.81666666666667,5.88,9.14,16.0966666666667,141.036666666667
133416,0.89,460.9,192759,1.29,664.91,29.71,98773,25,4.06333333333333,4.75666666666667,5.81,8.42333333333333,14.4133333333333,141.226666666667
0,0.0,0.62,0,0.0,0.62,29.66,98774,25,4.05666666666667,4.73333333333333,5.79333333333333,8.09666666666667,13.6166666666667,140.983333333333
0,0.0,0.62,84168,0.56,291.4,29.65,98774,25,4.04333333333333,4.65333333333333,5.57333333333333,7.73333333333333,13.1666666666667,140.69
101976,0.68,352.73,248176,1.65,855.54,29.61,98771,25,4.02,4.63,5.54333333333333,7.70333333333333,13.1433333333333,140.526666666667
0,0.0,0.62,0,0.0,0.62,29.58,98770,26,4.01333333333333,4.58,5.44666666666667,7.46666666666667,11.8766666666667,140.52
0,0.0,0.62,0,0.0,0.62,29.68,98767,26,3.99333333333333,4.45666666666667,5.3,5.82666666666667,6.17666666666667,140.293333333333
0,0.0,0.62,15029,0.1,52.68,29.74,98768,26,3.99333333333333,4.39666666666667,5.09,5.51,5.79,140.646666666667
0,0.0,0.62,13697,0.09,48.07,29.77,98771,25,3.98,4.38,5.07,5.49,5.77,140.383333333333
0,0.0,0.62,150035,1.0,518.04,29.82,98770,25,3.96,4.35,5.04,5.46,5.74,140.09
0,0.0,0.62,159524,1.06,550.66,29.81,98765,26,3.95,4.35333333333333,5.08666666666667,5.56333333333333,5.87333333333333,139.903333333333
0,0.0,0.62,0,0.0,0.62,29.87,98770,25,3.95,4.34666666666667,5.05333333333333,5.53,5.83666666666667,139.813333333333
0,0.0,0.62,2174,0.01,8.16,29.9,98768,25,3.95,4.34,5.01,5.49,5.79,139.48
0,0.0,0.62,0,0.0,0.62,29.86,98779,27,3.88,4.59,5.33,8.56,13.74,136.29
180328,1.2,622.18,246100,1.64,848.4,29.81,98783,27,3.9,4.65333333333333,5.42,8.93,14.2733333333333,137.086666666667
0,0.0,0.62,13096,0.09,45.99,29.77,98774,27,3.86666666666667,4.68666666666667,5.38666666666667,10.2366666666667,17.2166666666667,136.02
0,0.0,0.62,55700,0.37,193.25,29.65,98773,27,3.83333333333333,4.63666666666667,5.32333333333333,10.1666666666667,17.1466666666667,135.14
0,0.0,0.62,0,0.0,0.62,29.69,98772,28,3.79666666666667,4.57333333333333,5.25,9.82333333333333,16.6633333333333,134.16
193670,1.29,668.04,243012,1.62,837.77,29.66,98776,27,3.78,4.54,5.2,9.77,16.6066666666667,133.34
0,0.0,0.62,55229,0.37,191.62,29.75,98776,27,3.75666666666667,4.56666666666667,5.12,10.74,18.55,132.573333333333
0,0.0,0.62,67186,0.45,232.87,29.76,98772,27,3.73666666666667,4.59,5.22,11.0866666666667,19.02,132.123333333333
0,0.0,0.62,81442,0.54,282.01,29.71,98773,27,3.75,4.64,5.39666666666667,11.3266666666667,19.3166666666667,132.75
0,0.0,0.62,0,0.0,0.62,29.68,98786,27,3.72666666666667,4.61,5.36,11.3,19.28,132.756666666667
0,0.0,0.62,103360,0.69,357.49,29.66,98779,27,3.72333333333333,4.61,5.36333333333333,11.3,19.2833333333333,132.79
0,0.0,0.62,55894,0.37,193.92,29.59,98779,27,3.71333333333333,4.55333333333333,5.25666666666667,10.67,15.5366666666667,132.686666666667
0,0.0,0.62,112003,0.75,387.24,29.52,98776,27,3.71,4.52,5.2,10.62,15.48,132.543333333333
0,0.0,0.62,12286,0.08,43.19,29.43,98772,27,3.70333333333333,4.49,5.11,10.5266666666667,15.38,132.26
0,0.0,0.62,33515,0.22,116.63,29.4,98777,27,3.7,4.49333333333333,5.13666666666667,10.5566666666667,15.4133333333333,132.396666666667
0,0.0,0.62,119583,0.8,413.32,29.37,98777,28,3.69333333333333,4.5,5.17666666666667,10.6,15.4633333333333,132.35
0,0.0,0.62,106572,0.71,368.55,29.4,98779,28,3.69,4.52,5.24,10.6666666666667,15.54,132.36
0,0.0,0.62,58437,0.39,202.69,29.31,98783,27,3.69,4.51333333333333,5.21666666666667,10.64,15.5066666666667,132.366666666667
0,0.0,0.62,74303,0.5,257.41,29.29,98773,28,3.68,4.49333333333333,5.16,10.5733333333333,15.43,131.933333333333
0,0.0,0.62,0,0.0,0.62,29.26,98779,27,3.66666666666667,4.46,5.16,10.22,14.8233333333333,131.39
0,0.0,0.62,67121,0.45,232.64,29.3,98779,28,3.65666666666667,4.46,5.16666666666667,10.1666666666667,14.71,130.956666666667
0,0.0,0.62,0,0.0,0.62,29.33,98778,28,3.64,4.42666666666667,5.16,9.86666666666667,14.0966666666667,130.293333333333
0,0.0,0.62,0,0.0,0.62,29.32,98773,27,3.62333333333333,4.39666666666667,5.13,9.57,13.5766666666667,129.426666666667
0,0.0,0.62,0,0.0,0.62,29.23,98789,27,3.59666666666667,4.32666666666667,4.95333333333333,9.38666666666666,13.3766666666667,128.206666666667
0,0.0,0.62,0,0.0,0.62,29.18,98780,27,3.57,4.30666666666667,4.87,9.92,14.8966666666667,127.11
3183,0.02,11.65,285201,1.9,983.14,29.0,98776,27,3.56,4.29666666666667,4.83,10.19,15.6633333333333,126.123333333333
0,0.0,0.62,242844,1.62,837.19,29.08,98774,27,3.52,4.23666666666667,4.68333333333333,10.2966666666667,15.9333333333333,124.756666666667
0,0.0,0.62,0,0.0,0.62,29.07,98770,27,3.48333333333333,4.21,4.64666666666667,10.3833333333333,16.1166666666667,123.61
0,0.0,0.62,0,0.0,0.62,29.14,98770,27,3.46,4.17333333333333,4.59666666666667,10.3366666666667,16.0666666666667,122.813333333333
0,0.0,0.62,0,0.0,0.62,29.14,98776,27,3.44,4.15,4.58666666666667,10.3266666666667,16.06,122.013333333333
0,0.0,0.62,38023,0.25,132.21,29.16,98769,27,3.41666666666667,4.13,4.57666666666667,10.3166666666667,16.05,121.276666666667
0,0.0,0.62,98356,0.66,340.26,29.17,98771,28,3.4,4.11666666666667,4.56666666666667,10.3066666666667,16.04,120.646666666667
0,0.0,0.62,0,0.0,0.62,29.14,98772,28,3.38,4.07666666666667,4.52333333333333,10.0633333333333,15.6966666666667,119.976666666667
0,0.0,0.62,5972,0.04,21.32,29.05,98776,28,3.36333333333333,4.07,4.47666666666667,10.3433333333333,16.1566666666667,119.443333333333
0,0.0,0.62,102559,0.68,354.73,28.96,98775,28,3.35,4.04333333333333,4.44,10.3033333333333,16.12,118.863333333333
0,0.0,0.62,96327,0.64,333.28,28.99,98782,28,3.34,4.02666666666667,4.41333333333333,10.28,16.0933333333333,118.453333333333
0,0.0,0.62,0,0.0,0.62,28.93,98777,28,3.33,4.00666666666667,4.39,10.2533333333333,16.07,117.876666666667
0,0.0,0.62,8803,0.06,31.12,28.92,98780,28,3.29333333333333,3.96333333333333,4.33333333333333,10.2,16.0133333333333,117.176666666667
0,0.0,0.62,0,0.0,0.62,28.98,98779,28,3.29333333333333,3.96,4.33333333333333,10.1933333333333,16.0133333333333,117.246666666667
0,0.0,0.62,90799,0.61,314.24,28.94,98784,29,3.3,3.99,4.39,10.26,16.07,117.743333333333
0,0.0,0.62,0,0.0,0.62,28.99,98788,29,3.31666666666667,3.97,4.40666666666667,9.78333333333333,15.2066666666667,118.153333333333
0,0.0,0.62,109459,0.73,378.48,28.97,98782,28,3.32666666666667,3.97333333333333,4.49666666666667,9.57,14.7566666666667,118.66
0,0.0,0.62,0,0.0,0.62,28.92,98780,28,3.33333333333333,3.95333333333333,4.6,8.54333333333333,12.18,119.236666666667
0,0.0,0.62,0,0.0,0.62,28.91,98786,28,3.36,4.00666666666667,4.68666666666667,8.75666666666667,12.4566666666667,119.71
0,0.0,0.62,19236,0.13,67.24,28.92,98787,28,3.37666666666667,4.02,4.69666666666667,8.76333333333333,12.46,120.106666666667
0,0.0,0.62,0,0.0,0.62,28.89,98784,27,3.37333333333333,4.03333333333333,4.73,8.8,12.5,120.84
44655,0.3,155.12,85887,0.57,297.32,28.85,98785,28,3.38666666666667,3.98666666666667,4.74666666666667,7.76333333333333,10.4833333333333,121.526666666667
0,0.0,0.62,168803,1.13,582.56,28.82,98782,27,3.39,3.94666666666667,4.62666666666667,7.39333333333333,9.99333333333333,121.74
0,0.0,0.62,0,0.0,0.62,28.78,98788,27,3.39666666666667,3.9,4.47,7.16,9.71,121.94
0,0.0,0.62,89053,0.59,308.23,28.73,98783,27,3.38666666666667,3.89333333333333,4.45,7.14666666666667,9.69666666666667,121.796666666667
0,0.0,0.62,0,0.0,0.62,28.78,98782,28,3.38333333333333,3.88666666666667,4.44333333333333,7.14,9.68666666666667,121.716666666667
0,0.0,0.62,0,0.0,0.62,28.73,98779,29,3.38333333333333,3.91,4.53,7.33,9.93333333333333,122.016666666667
0,0.0,0.62,0,0.0,0.62,28.75,98780,28,3.38333333333333,3.93,4.57333333333333,7.39333333333333,10.0033333333333,122.1
0,0.0,0.62,0,0.0,0.62,28.76,98771,27,3.38,3.96666666666667,4.61666666666667,7.83666666666667,10.9133333333333,121.76
0,0.0,0.62,8180,0.05,28.97,28.77,98778,28,3.37,3.98666666666667,4.57666666666667,8.53666666666667,12.5033333333333,121.483333333333
107777,0.72,372.69,215181,1.43,742.01,28.75,98779,28,3.35666666666667,3.95333333333333,4.50333333333333,8.46,12.4166666666667,121.266666666667
0,0.0,0.62,0,0.0,0.62,28.8,98779,27,3.34666666666667,3.93666666666667,4.48333333333333,8.44333333333333,12.4,120.76
38919,0.26,135.3,100627,0.67,348.08,28.85,98782,28,3.32666666666667,3.92,4.47333333333333,8.43333333333333,12.3833333333333,120.326666666667
0,0.0,0.62,41442,0.28,144.02,28.86,98784,28,3.3,3.89666666666667,4.45,8.40666666666667,12.3633333333333,119.746666666667
0,0.0,0.62,0,0.0,0.62,28.83,98777,29,3.3,3.88,4.43333333333333,8.27333333333333,12.1633333333333,119.53
0,0.0,0.62,24868,0.17,86.73,28.78,98782,28,3.29,3.85666666666667,4.40333333333333,8.33333333333333,14.3666666666667,119.113333333333
0,0.0,0.62,0,0.0,0.62,28.76,98782,27,3.27666666666667,3.84666666666667,4.38333333333333,8.47666666666667,15.6466666666667,118.823333333333
74260,0.5,257.26,131309,0.88,453.65,28.71,98778,27,3.26333333333333,3.83666666666667,4.37,8.47,15.64,118.583333333333
0,0.0,0.62,267341,1.78,921.56,28.73,98785,27,3.26,3.8,4.36666666666667,7.84333333333333,14.0233333333333,118.4
0,0.0,0.62,0,0.0,0.62,28.75,98778,26,3.24,3.76,4.34,7.51,13.19,117.836666666667
0,0.0,0.62,46365,0.31,161.02,28.82,98782,27,3.23,3.73666666666667,4.33,7.24666666666667,12.7466666666667,117.633333333333
0,0.0,0.62,0,0.0,0.62,28.86,98782,27,3.22,3.71333333333333,4.31333333333333,7.10333333333333,12.5133333333333,117.186666666667
0,0.0,0.62,53436,0.36,185.43,28.92,98786,27,3.20333333333333,3.7,4.3,7.09,12.5,116.75
0,0.0,0.62,0,0.0,0.62,28.92,98787,27,3.19,3.67666666666667,4.25,7.04,12.4433333333333,116.303333333333
39473,0.26,137.22,113666,0.76,392.96,28.97,98783,27,3.17666666666667,3.66,4.22333333333333,7.01333333333333,12.4133333333333,115.926666666667
0,0.0,0.62,21096,0.14,73.68,29.02,98780,28,3.15666666666667,3.64333333333333,4.20333333333333,6.99333333333333,12.3966666666667,115.376666666667
0,0.0,0.62,87630,0.58,303.33,29.0,98786,26,3.15666666666667,3.67333333333333,4.33333333333333,6.97333333333333,12.3066666666667,114.953333333333
100620,0.67,348.06,139755,0.93,482.7,29.05,98789,26,3.15666666666667,3.67666666666667,4.40666666666667,6.76666666666667,11.9366666666667,114.75
0,0.0,0.62,0,0.0,0.62,29.04,98781,26,3.13333333333333,3.66666666666667,4.39,6.75333333333333,11.9233333333333,114.133333333333
0,0.0,0.62,45134,0.3,156.77,28.98,98784,26,3.12,3.65333333333333,4.37666666666667,6.74,11.91,113.46
0,0.0,0.62,0,0.0,0.62,28.98,98785,26,3.1,3.64,4.37,6.73,11.9033333333333,112.823333333333
0,0.0,0.62,0,0.0,0.62,29.03,98785,26,3.07333333333333,3.61666666666667,4.35,6.71,11.8833333333333,111.833333333333
0,0.0,0.62,0,0.0,0.62,29.0,98784,26,3.06333333333333,3.61333333333333,4.36,6.71666666666667,11.8933333333333,111.26
0,0.0,0.62,0,0.0,0.62,29.02,98787,26,3.04,3.58,4.29666666666667,6.65666666666667,11.83,110.68
0,0.0,0.62,19421,0.13,67.88,29.11,98786,26,3.01666666666667,3.56666666666667,4.29,6.65333333333333,11.8266666666667,110.053333333333
0,0.0,0.62,2559,0.02,9.49,29.16,98782,26,2.99,3.5,4.12,6.25666666666667,11.32,109.08
0,0.0,0.62,0,0.0,0.62,29.23,98786,27,2.95666666666667,3.43666666666667,4.00666666666667,5.95333333333333,10.92,108.226666666667
0,0.0,0.62,159063,1.06,549.08,29.19,98783,27,2.93,3.38,3.91666666666667,5.74,10.64,107.543333333333
0,0.0,0.62,0,0.0,0.62,29.21,98786,27,2.91333333333333,3.35333333333333,3.85666666666667,5.68333333333333,10.5866666666667,107.1
0,0.0,0.62,0,0.0,0.62,29.23,98787,27,2.89666666666667,3.35333333333333,3.92,5.78666666666667,10.7133333333333,106.18
0,0.0,0.62,0,0.0,0.62,29.28,98786,26,2.86666666666667,3.34,3.95333333333333,5.82,10.7566666666667,105.423333333333
0,0.0,0.62,0,0.0,0.62,29.28,98780,26,2.85333333333333,3.32333333333333,3.93666666666667,5.80333333333333,10.74,104.786666666667
93185,0.62,322.46,189219,1.26,652.74,29.32,98789,26,2.83666666666667,3.33,3.96,5.82333333333333,10.7633333333333,104.333333333333
51599,0.34,179.09,181351,1.21,625.69,29.35,98782,26,2.83,3.33333333333333,3.96666666666667,5.82666666666667,10.7666666666667,103.816666666667
139888,0.93,483.15,183491,1.22,633.05,29.27,98782,26,2.83333333333333,3.34333333333333,3.99,5.85666666666667,10.7966666666667,103.96
0,0.0,0.62,0,0.0,0.62,29.28,98783,26,2.82666666666667,3.33333333333333,3.96,5.72,10.6133333333333,103.373333333333
0,0.0,0.62,0,0.0,0.62,29.35,98785,27,2.81666666666667,3.31,3.91333333333333,5.65666666666667,10.54,103.103333333333
0,0.0,0.62,13322,0.09,46.77,29.28,98788,27,2.80666666666667,3.24666666666667,3.80333333333333,5.14333333333333,9.55333333333333,103.21
0,0.0,0.62,214716,1.43,740.41,29.27,98785,28,2.84,3.23666666666667,3.80666666666667,4.40666666666667,7.92333333333333,104.126666666667
0,0.0,0.62,15823,0.11,55.43,29.3,98791,28,2.86,3.27333333333333,3.88666666666667,4.51,8.04333333333333,104.836666666667
0,0.0,0.62,0,0.0,0.62,29.26,98787,29,2.88333333333333,3.32333333333333,3.99666666666667,4.63,8.17666666666667,105.686666666667
43314,0.29,150.48,182151,1.21,628.44,29.31,98790,29,2.95,3.39,4.06666666666667,4.7,8.24333333333333,108.13
0,0.0,0.62,3997,0.03,14.47,29.26,98792,29,2.98,3.42,4.1,4.73,8.28,109.176666666667
0,0.0,0.62,139513,0.93,481.86,29.29,98789,29,3.00666666666667,3.43333333333333,4.13,4.43,5.70666666666667,110.213333333333
0,0.0,0.62,11780,0.08,41.43,29.28,98788,29,3.05333333333333,3.47666666666667,4.18666666666667,4.31666666666667,4.46333333333333,111.56
0,0.0,0.62,52020,0.35,180.54,29.28,98790,29,3.1,3.53,4.24333333333333,4.37666666666667,4.51666666666667,113.053333333333
0,0.0,0.62,13853,0.09,48.61,29.17,98789,28,3.14,3.57666666666667,4.29666666666667,4.42666666666667,4.57333333333333,114.323333333333
0,0.0,0.62,14011,0.09,49.16,29.01,98784,28,3.17666666666667,3.65,4.45333333333333,4.65,4.83,115.4
0,0.0,0.62,3793,0.03,13.77,28.98,98787,28,3.20333333333333,3.72,4.55666666666667,4.95666666666667,5.26333333333333,116.393333333333
0,0.0,0.62,0,0.0,0.62,28.98,98785,29,3.24,3.84333333333333,4.59333333333333,6.57,9.20333333333333,117.75
0,0.0,0.62,0,0.0,0.62,28.88,98788,28,3.27,3.92,4.62666666666667,7.54666666666667,14.0966666666667,118.803333333333
0,0.0,0.62,0,0.0,0.62,28.76,98786,28,3.3,4.02666666666667,4.68666666666667,8.68333333333333,17.23,119.83
46209,0.31,160.48,236862,1.58,816.6,28.72,98783,28,3.32,4.08333333333333,4.71,9.46666666666667,20.5466666666667,120.656666666667
0,0.0,0.62,162855,1.09,562.11,28.64,98784,28,3.35,4.11,4.72666666666667,9.67,21.5266666666667,121.46
181925,1.21,627.67,363631,2.42,1254.55,28.59,98790,29,3.36333333333333,4.09333333333333,4.61,9.91,23.3033333333333,122.28
0,0.0,0.62,0,0.0,0.62,28.56,98787,28,3.37666666666667,4.09,4.56,9.82,23.19,122.826666666667
0,0.0,0.62,93876,0.63,324.84,28.52,98787,28,3.41,4.15,4.64666666666667,9.91,23.28,123.613333333333
73173,0.49,253.51,109843,0.73,379.8,28.53,98785,29,3.44,4.24333333333333,4.73333333333333,10.5933333333333,24.3133333333333,124.546666666667
0,0.0,0.62,0,0.0,0.62,28.57,98790,29,3.46,4.28333333333333,4.81666666666667,10.6966666666667,24.4233333333333,125.286666666667
0,0.0,0.62,2139,0.01,8.03,28.49,98783,29,3.50333333333333,4.34666666666667,4.93666666666667,10.8533333333333,24.61,126.61
0,0.0,0.62,33180,0.22,115.47,28.52,98788,29,3.54333333333333,4.39,4.99666666666667,10.9333333333333,24.6966666666667,127.483333333333
0,0.0,0.62,0,0.0,0.62,28.54,98786,29,3.58,4.43,5.03333333333333,10.97,24.74,128.043333333333
0,0.0,0.62,0,0.0,0.62,28.56,98788,29,3.61,4.45,5.05,10.9866666666667,24.75,128.776666666667
0,0.0,0.62,58639,0.39,203.39,28.5,98788,28,3.63,4.46,5.03,10.9666666666667,24.73,129.596666666667
0,0.0,0.62,117285,0.78,405.41,27.59,98786,30,3.73,4.82666666666667,5.48,14.36,33.1633333333333,134.143333333333
73987,0.49,256.32,137292,0.92,474.23,27.54,98792,30,3.71,4.73,5.46666666666667,13.2833333333333,28.91,133.76
0,0.0,0.62,40387,0.27,140.37,27.47,98788,30,3.69333333333333,4.70333333333333,5.46,13.0733333333333,27.3233333333333,133.396666666667
0,0.0,0.62,0,0.0,0.62,27.41,98788,30,3.68666666666667,4.67333333333333,5.41,13.0266666666667,27.2766666666667,133.383333333333
140165,0.93,484.1,186463,1.24,643.27,27.37,98788,30,3.67666666666667,4.70333333333333,5.4,13.4966666666667,28.0833333333333,133.29
0,0.0,0.62,0,0.0,0.62,27.31,98796,30,3.67333333333333,4.73,5.34333333333333,14.34,29.7966666666667,133.13
0,0.0,0.62,83898,0.56,290.47,27.27,98794,31,3.65,4.72333333333333,5.28666666666667,14.77,30.6766666666667,132.543333333333
127680,0.85,441.17,300006,2.0,1034.24,27.21,98790,31,3.64666666666667,4.72666666666667,5.30333333333333,14.8,30.7166666666667,132.33
0,0.0,0.62,5921,0.04,21.14,27.17,98796,31,3.64,4.73333333333333,5.37,14.86,30.7866666666667,131.79
0,0.0,0.62,0,0.0,0.62,27.17,98794,31,3.62666666666667,4.70333333333333,5.29666666666667,14.7366666666667,30.63,131.406666666667
85054,0.57,294.45,159275,1.06,549.81,27.15,98796,31,3.63,4.68666666666667,5.26666666666667,14.6,30.4433333333333,131.2
0,0.0,0.62,17154,0.11,60.04,27.13,98792,31,3.62333333333333,4.67,5.27333333333333,14.44,30.1933333333333,131.056666666667
0,0.0,0.62,0,0.0,0.62,27.07,98797,31,3.61333333333333,4.69,5.32333333333333,14.59,30.3933333333333,130.49
0,0.0,0.62,0,0.0,0.62,27.01,98796,31,3.62666666666667,4.72,5.38,14.6433333333333,30.45,130.736666666667
0,0.0,0.62,0,0.0,0.62,26.96,98795,32,3.62,4.73,5.39666666666667,15.66,33.69,130.303333333333
0,0.0,0.62,0,0.0,0.62,26.92,98800,32,3.62,4.78666666666667,5.39,16.63,34.87,130.203333333333
0,0.0,0.62,0,0.0,0.62,26.85,98793,32,3.61666666666667,4.75333333333333,5.42333333333333,15.3933333333333,29.53,130.01
0,0.0,0.62,94237,0.63,326.08,26.86,98799,32,3.61,4.73333333333333,5.37,15.4666666666667,29.66,129.883333333333
0,0.0,0.62,0,0.0,0.62,26.79,98798,32,3.6,4.71,5.33,15.42,29.61,129.823333333333
0,0.0,0.62,32627,0.22,113.56,26.78,98798,33,3.59333333333333,4.68666666666667,5.34666666666667,14.78,28.07,129.616666666667
0,0.0,0.62,46554,0.31,161.67,26.71,98799,33,3.58333333333333,4.65333333333333,5.32666666666667,14.43,27.27,129.523333333333
0,0.0,0.62,5936,0.04,21.19,26.66,98805,32,3.56666666666667,4.63333333333333,5.30333333333333,14.4133333333333,27.2466666666667,129.293333333333
0,0.0,0.62,0,0.0,0.62,26.62,98800,32,3.54333333333333,4.60333333333333,5.26333333333333,14.3766666666667,27.2133333333333,128.34
0,0.0,0.62,2898,0.02,10.66,26.59,98805,33,3.52,4.58666666666667,5.32,14.24,26.9433333333333,127.236666666667
0,0.0,0.62,0,0.0,0.62,26.57,98803,32,3.52,4.56,5.30333333333333,13.78,26.1633333333333,127.123333333333
0,0.0,0.62,12886,0.09,45.26,26.54,98808,32,3.51333333333333,4.50666666666667,5.22333333333333,13.2433333333333,25.39,126.91
0,0.0,0.62,0,0.0,0.62,26.51,98806,33,3.53,4.52,5.20333333333333,13.22,25.36,126.76
0,0.0,0.62,4113,0.03,14.88,26.49,98804,33,3.50666666666667,4.46333333333333,5.1,13.1,25.22,126.16
0,0.0,0.62,0,0.0,0.62,26.47,98808,33,3.50333333333333,4.46666666666667,5.12666666666667,13.1266666666667,25.2566666666667,125.666666666667
0,0.0,0.62,0,0.0,0.62,26.46,98805,33,3.49333333333333,4.48333333333333,5.21666666666667,13.2133333333333,25.3533333333333,125.483333333333
0,0.0,0.62,0,0.0,0.62,26.49,98808,33,3.48666666666667,4.49,5.20333333333333,13.37,25.6,125.226666666667
0,0.0,0.62,0,0.0,0.62,26.46,98809,33,3.48666666666667,4.48333333333333,5.15,13.3333333333333,25.5733333333333,124.833333333333
161862,1.08,558.7,226293,1.51,780.23,26.43,98809,33,3.48,4.47333333333333,5.11333333333333,13.3033333333333,25.54,124.553333333333
0,0.0,0.62,0,0.0,0.62,26.43,98810,33,3.45666666666667,4.44666666666667,5.05666666666667,13.42,26.42,123.25
0,0.0,0.62,55084,0.37,191.12,26.4,98812,33,3.45666666666667,4.42666666666667,5.02,13.1933333333333,25.4033333333333,123.1
0,0.0,0.62,0,0.0,0.62,26.39,98812,33,3.45,4.42666666666667,5.03333333333333,13.1966666666667,25.4033333333333,123.203333333333
0,0.0,0.62,0,0.0,0.62,26.38,98813,33,3.45333333333333,4.44333333333333,5.09333333333333,13.2533333333333,25.47,123.35
0,0.0,0.62,21579,0.14,75.35,26.36,98819,33,3.45,4.43,5.07666666666667,13.21,25.41,123.086666666667
0,0.0,0.62,0,0.0,0.62,26.34,98815,33,3.44666666666667,4.4,5.12,12.6033333333333,24.6166666666667,123.126666666667
0,0.0,0.62,23386,0.16,81.6,26.34,98815,33,3.45333333333333,4.51,5.16,14.42,29.2633333333333,123.093333333333
0,0.0,0.62,0,0.0,0.62,26.32,98817,33,3.46,4.54,5.15,14.7733333333333,29.88,123.02
0,0.0,0.62,0,0.0,0.62,26.32,98815,33,3.46333333333333,4.54666666666667,5.18,14.8,29.91,122.96
0,0.0,0.62,43451,0.29,150.96,26.31,98820,33,3.46,4.52,5.22666666666667,14.3233333333333,29.0766666666667,122.936666666667
0,0.0,0.62,0,0.0,0.62,26.29,98816,33,3.46,4.49,5.29,13.6366666666667,27.5933333333333,122.73
0,0.0,0.62,0,0.0,0.62,26.26,98818,33,3.46333333333333,4.46666666666667,5.3,13.1566666666667,26.66,123.016666666667
0,0.0,0.62,8492,0.06,30.05,26.21,98815,33,3.48666666666667,4.48333333333333,5.28,13.13,26.62,123.51
0,0.0,0.62,0,0.0,0.62,26.19,98815,33,3.51666666666667,4.52,5.30333333333333,13.1766666666667,26.67,125.043333333333
0,0.0,0.62,0,0.0,0.62,26.21,98814,33,3.52666666666667,4.55666666666667,5.34666666666667,13.6,28.6633333333333,125.55
0,0.0,0.62,0,0.0,0.62,26.2,98822,34,3.54,4.59333333333333,5.41666666666667,13.8466666666667,29.6933333333333,125.84
47635,0.32,165.41,144835,0.97,500.16,26.19,98817,34,3.55333333333333,4.61,5.38666666666667,14.1,31.4633333333333,126.566666666667
0,0.0,0.62,0,0.0,0.62,26.18,98816,34,3.55333333333333,4.60666666666667,5.35,14.2533333333333,32.4,126.853333333333
0,0.0,0.62,137160,0.91,473.77,26.16,98819,33,3.57,4.61333333333333,5.35,14.2533333333333,32.4,127.49
0,0.0,0.62,0,0.0,0.62,26.18,98818,34,3.59,4.56,5.36,12.27,25.6666666666667,128.036666666667
0,0.0,0.62,0,0.0,0.62,26.2,98822,34,3.61333333333333,4.51333333333333,5.38333333333333,11.0433333333333,23.0933333333333,128.69
0,0.0,0.62,0,0.0,0.62,26.22,98822,34,3.62666666666667,4.50333333333333,5.36333333333333,10.7633333333333,22.6866666666667,129.386666666667
0,0.0,0.62,63004,0.42,218.44,26.21,98823,34,3.64,4.51666666666667,5.38666666666667,10.6666666666667,22.5266666666667,129.56
0,0.0,0.62,0,0.0,0.62,26.21,98820,34,3.64666666666667,4.53333333333333,5.43666666666667,10.7433333333333,22.6233333333333,129.606666666667
0,0.0,0.62,76404,0.51,264.65,26.18,98820,34,3.66333333333333,4.60666666666667,5.62666666666667,11.19,23.2,129.673333333333
52809,0.35,183.27,131421,0.88,454.04,26.23,98824,34,3.67,4.63,5.70333333333333,11.2766666666667,23.3,129.81
0,0.0,0.62,47774,0.32,165.89,26.18,98821,33,3.69333333333333,4.64333333333333,5.68,11.25,23.2666666666667,130.646666666667
0,0.0,0.62,0,0.0,0.62,26.16,98824,34,3.72666666666667,4.68,5.69666666666667,11.2633333333333,23.2733333333333,131.7
96463,0.64,333.75,156456,1.04,540.11,26.13,98826,33,3.72666666666667,4.68,5.70333333333333,11.2733333333333,23.2833333333333,131.823333333333
0,0.0,0.62,0,0.0,0.62,26.1,98824,34,3.74666666666667,4.73333333333333,5.76666666666667,11.5966666666667,23.75,132.446666666667
0,0.0,0.62,0,0.0,0.62,26.1,98824,34,3.74,4.73666666666667,5.76333333333333,11.7266666666667,23.9466666666667,132.483333333333
0,0.0,0.62,0,0.0,0.62,26.15,98827,34,3.75666666666667,4.75333333333333,5.77666666666667,11.7433333333333,23.9633333333333,132.856666666667
0,0.0,0.62,0,0.0,0.62,26.13,98831,34,3.77,4.75666666666667,5.74666666666667,11.7166666666667,23.9366666666667,133.446666666667
0,0.0,0.62,27801,0.19,96.87,26.1,98827,34,3.77666666666667,4.72333333333333,5.63666666666667,11.6,23.8066666666667,133.653333333333
0,0.0,0.62,0,0.0,0.62,26.11,98830,34,3.77333333333333,4.68333333333333,5.55666666666667,11.31,23.3966666666667,133.85
0,0.0,0.62,638,0.0,2.83,26.03,98836,34,3.77333333333333,4.71666666666667,5.71,11.4166666666667,23.4966666666667,133.976666666667
0,0.0,0.62,0,0.0,0.62,26.02,98836,34,3.77666666666667,4.75666666666667,5.77,11.9,24.35,134.02
40339,0.27,140.21,179043,1.19,617.76,25.96,98837,34,3.78,4.79333333333333,5.79666666666667,12.3466666666667,23.9233333333333,134.32
157492,1.05,543.68,201637,1.34,695.43,25.95,98837,34,3.79666666666667,4.80333333333333,5.82,12.2366666666667,23.0633333333333,134.676666666667
0,0.0,0.62,65700,0.44,227.74,25.97,98844,34,3.80666666666667,4.83666666666667,5.88333333333333,12.4133333333333,23.2933333333333,134.98
0,0.0,0.62,0,0.0,0.62,25.9,98847,34,3.81,4.85,5.88666666666667,12.41,23.2866666666667,135.203333333333
0,0.0,0.62,0,0.0,0.62,25.88,98844,34,3.81666666666667,4.84333333333333,5.84333333333333,12.3633333333333,23.2333333333333,135.416666666667
0,0.0,0.62,0,0.0,0.62,25.88,98847,34,3.82333333333333,4.85666666666667,5.80333333333333,12.68,26.5833333333333,135.45
0,0.0,0.62,0,0.0,0.62,25.81,98848,34,3.72666666666667,4.60333333333333,5.55666666666667,10.08,20.91,131.96
0,0.0,0.62,0,0.0,0.62,25.79,98851,34,3.75,4.69333333333333,5.57333333333333,11.4366666666667,25.55,132.743333333333
0,0.0,0.62,0,0.0,0.62,25.8,98851,34,3.77,4.73666666666667,5.65,11.51,25.63,133.186666666667
0,0.0,0.62,0,0.0,0.62,25.78,98853,34,3.79,4.70666666666667,5.54,11.18,25.1766666666667,133.96
0,0.0,0.62,0,0.0,0.62,25.77,98855,34,3.8,4.76,5.55,11.89,26.5466666666667,134.36
0,0.0,0.62,127236,0.85,439.64,25.78,98853,34,3.79666666666667,4.79333333333333,5.59333333333333,12.29,27.28,134.263333333333
0,0.0,0.62,0,0.0,0.62,25.75,98854,34,3.78666666666667,4.79333333333333,5.61333333333333,12.31,27.3,133.9
0,0.0,0.62,0,0.0,0.62,25.73,98856,34,3.78,4.77,5.52666666666667,12.1966666666667,27.17,133.706666666667
0,0.0,0.62,0,0.0,0.62,25.72,98856,34,3.78,4.74333333333333,5.52,11.82,25.2366666666667,133.65
0,0.0,0.62,5896,0.04,21.05,25.73,98858,34,3.79,4.78,5.5,12.45,25.9766666666667,133.62
0,0.0,0.62,0,0.0,0.62,25.7,98859,34,3.79,4.79333333333333,5.5,12.4933333333333,24.9033333333333,133.246666666667
268310,1.79,924.9,496846,3.31,1721.3,25.69,98859,34,3.8,4.84666666666667,5.67,12.75,24.52,133.04
74979,0.5,259.74,141239,0.94,487.8,25.67,98860,34,3.79,4.85666666666667,5.72333333333333,12.81,24.58,132.69
0,0.0,0.62,0,0.0,0.62,25.67,98861,35,3.79,4.85666666666667,5.72333333333333,12.8133333333333,24.5833333333333,132.566666666667
0,0.0,0.62,70646,0.47,244.8,25.67,98862,35,3.79,4.86,5.73,12.81,24.5833333333333,132.493333333333
0,0.0,0.62,0,0.0,0.62,25.64,98866,35,3.78333333333333,4.85666666666667,5.76333333333333,12.87,24.66,132.206666666667
0,0.0,0.62,41730,0.28,145.01,25.66,98868,35,3.78,4.84,5.70333333333333,12.7766666666667,24.5433333333333,132.25
0,0.0,0.62,0,0.0,0.62,25.63,98874,35,3.78,4.82,5.66,12.72,24.47,132.26
0,0.0,0.62,0,0.0,0.62,25.17,98919,36,4.26,5.575,7.165,13.98,24.195,150.045
0,0.0,0.62,72628,0.48,251.63,25.18,98922,37,4.26,5.59,7.16666666666667,14.3233333333333,24.7766666666667,149.873333333333
0,0.0,0.62,73325,0.49,254.03,25.16,98921,37,4.25333333333333,5.61,7.18333333333333,14.59,25.19,149.42
0,0.0,0.62,0,0.0,0.62,25.16,98923,37,4.24666666666667,5.57333333333333,7.10333333333333,14.2866666666667,24.7733333333333,149.046666666667
20397,0.14,71.26,135941,0.91,469.58,25.12,98921,37,4.25,5.62666666666667,7.15,14.9266666666667,25.74,149.02
0,0.0,0.62,193145,1.29,666.24,25.15,98921,36,4.25,5.61,7.1,14.7933333333333,25.5666666666667,148.953333333333
0,0.0,0.62,5406,0.04,19.36,25.1,98922,36,4.25333333333333,5.60333333333333,6.96333333333333,15.1133333333333,27.6533333333333,149.073333333333
0,0.0,0.62,2513,0.02,9.33,25.06,98924,37,4.24666666666667,5.65666666666667,7.03333333333333,15.78,29.4266666666667,148.82
0,0.0,0.62,0,0.0,0.62,25.06,98922,37,4.24,5.64666666666667,7.0,15.75,29.3966666666667,148.713333333333
0,0.0,0.62,114352,0.76,395.32,25.04,98921,36,4.23,5.69,7.00333333333333,16.8033333333333,31.44,148.616666666667
61105,0.41,211.89,132383,0.88,457.34,25.0,98923,36,4.22,5.69,7.02333333333333,16.81,31.45,148.48
0,0.0,0.62,32191,0.21,112.05,24.94,98921,37,4.22333333333333,5.68,7.06333333333333,16.5166666666667,30.7166666666667,148.586666666667
0,0.0,0.62,203621,1.36,702.26,24.96,98920,37,4.23,5.71,7.24333333333333,16.1366666666667,29.5033333333333,148.833333333333
0,0.0,0.62,285775,1.91,985.12,24.95,98926,37,4.23666666666667,5.73,7.29666666666667,16.21,29.59,148.716666666667
0,0.0,0.62,93176,0.62,322.43,24.96,98926,37,4.24666666666667,5.77666666666667,7.42,16.3566666666667,29.76,148.786666666667
0,0.0,0.62,150678,1.0,520.25,24.94,98926,36,4.24,5.8,7.49,16.6433333333333,30.1633333333333,148.373333333333
0,0.0,0.62,0,0.0,0.62,24.92,98926,37,4.24,5.82333333333333,7.60666666666667,16.6033333333333,29.9766666666667,148.283333333333
0,0.0,0.62,15210,0.1,53.31,24.85,98928,37,4.24333333333333,5.80333333333333,7.64666666666667,16.1733333333333,29.1566666666667,148.21
0,0.0,0.62,0,0.0,0.62,24.82,98924,37,4.25,5.81,7.67,16.1966666666667,29.1866666666667,148.126666666667
0,0.0,0.62,55226,0.37,191.61,24.85,98927,37,4.26333333333333,5.83333333333333,7.71666666666667,16.2366666666667,29.2366666666667,148.71
0,0.0,0.62,0,0.0,0.62,24.84,98927,37,4.27,5.86333333333333,7.77,16.29,29.2866666666667,148.723333333333
0,0.0,0.62,72758,0.49,252.08,24.85,98929,37,4.27,5.84666666666667,7.76666666666667,16.14,29.0566666666667,148.763333333333
0,0.0,0.62,9690,0.06,34.2,24.81,98928,37,4.27,5.77333333333333,7.56,15.6,28.31,149.2
0,0.0,0.62,0,0.0,0.62,24.8,98928,36,4.27333333333333,5.73333333333333,7.39333333333333,15.3466666666667,27.9866666666667,149.583333333333
0,0.0,0.62,21410,0.14,74.77,24.77,98927,37,4.26333333333333,5.69333333333333,7.31666666666667,15.1333333333333,27.7066666666667,149.593333333333
0,0.0,0.62,0,0.0,0.62,24.75,98927,37,4.25666666666667,5.66333333333333,7.24,15.0566666666667,27.63,149.826666666667
0,0.0,0.62,7265,0.05,25.8,24.75,98926,37,4.25666666666667,5.61333333333333,7.10666666666667,14.9366666666667,27.5033333333333,149.93
28736,0.19,100.11,150300,1.0,518.95,24.72,98927,37,4.24333333333333,5.61,7.08666666666667,15.21,29.8333333333333,149.803333333333
0,0.0,0.62,0,0.0,0.62,24.69,98931,37,4.24,5.60666666666667,7.07,15.3466666666667,30.9966666666667,149.696666666667
0,0.0,0.62,108311,0.72,374.53,24.66,98932,37,4.24,5.64,7.22333333333333,15.4166666666667,30.9966666666667,149.65
169143,1.13,583.73,231473,1.54,798.05,24.65,98932,37,4.22666666666667,5.6,7.3,14.6066666666667,28.3033333333333,149.133333333333
115112,0.77,397.93,161590,1.08,557.76,24.63,98936,37,4.21333333333333,5.53666666666667,7.26,13.8233333333333,26.45,148.746666666667
36835,0.25,128.1,133495,0.89,461.17,24.63,98933,38,4.19333333333333,5.43333333333333,7.16333333333333,12.3066666666667,20.8733333333333,148.046666666667
28694,0.19,99.96,202305,1.35,697.73,24.63,98936,37,4.18333333333333,5.47666666666667,7.17333333333333,13.01,22.16,147.43
0,0.0,0.62,72105,0.48,249.83,24.6,98936,38,4.18,5.43333333333333,7.06,12.8733333333333,22.0033333333333,147.15
0,0.0,0.62,25285,0.17,88.17,24.57,98939,37,4.16333333333333,5.38,6.91333333333333,12.7,21.8066666666667,146.823333333333
0,0.0,0.62,0,0.0,0.62,24.55,98940,37,4.16,5.36333333333333,6.86666666666667,12.6266666666667,21.7133333333333,146.633333333333
0,0.0,0.62,0,0.0,0.62,24.53,98938,37,4.15666666666667,5.36333333333333,6.83333333333333,12.7033333333333,21.8566666666667,146.663333333333
0,0.0,0.62,0,0.0,0.62,24.53,98942,37,4.16,5.39666666666667,6.86333333333333,13.09,22.44,146.51
0,0.0,0.62,92440,0.62,319.89,24.51,98946,38,4.16333333333333,5.41333333333333,6.88666666666667,13.0533333333333,22.38,146.436666666667
6133,0.04,21.87,437614,2.92,1512.65,24.52,98949,38,4.15666666666667,5.37,6.85,12.6433333333333,21.7133333333333,146.22
0,0.0,0.62,3276,0.02,11.97,24.48,98949,37,4.14,5.30666666666667,6.73,12.28,21.1866666666667,145.91
25693,0.17,89.58,127277,0.85,439.78,24.47,98947,37,4.13666666666667,5.29333333333333,6.73,12.2766666666667,21.1833333333333,145.856666666667
0,0.0,0.62,0,0.0,0.62,24.45,98944,37,4.12333333333333,5.23666666666667,6.70666666666667,11.66,20.2533333333333,145.75
0,0.0,0.62,162255,1.08,560.05,24.43,98948,37,4.11333333333333,5.23666666666667,6.71666666666667,11.82,20.4866666666667,145.513333333333
0,0.0,0.62,9147,0.06,32.32,24.41,98950,37,4.11333333333333,5.19666666666667,6.70333333333333,11.2,18.0133333333333,145.59
0,0.0,0.62,83045,0.55,287.53,24.42,98946,38,4.11,5.11,6.55,10.44,16.13,145.633333333333
0,0.0,0.62,1597,0.01,6.16,24.43,98945,38,4.11666666666667,5.12,6.56,10.45,16.14,145.78
0,0.0,0.62,26791,0.18,93.38,24.42,98947,38,4.12,5.05333333333333,6.54666666666667,9.37666666666667,14.0733333333333,145.826666666667
0,0.0,0.62,0,0.0,0.62,24.41,98948,38,4.12,5.03333333333333,6.47666666666667,9.30333333333333,13.9933333333333,145.723333333333
86921,0.58,300.88,204265,1.36,704.47,24.39,98945,38,4.12,5.01,6.37666666666667,9.17666666666667,13.8433333333333,145.723333333333
0,0.0,0.62,120507,0.8,416.5,24.39,98945,38,4.11,4.99666666666667,6.20333333333333,9.71,16.7766666666667,145.763333333333
0,0.0,0.62,93550,0.62,323.72,24.36,98946,38,4.12,5.03333333333333,6.22333333333333,10.12,18.41,146.216666666667
0,0.0,0.62,0,0.0,0.62,24.36,98945,38,4.12333333333333,5.06333333333333,6.16,11.0,20.8233333333333,146.493333333333
0,0.0,0.62,29019,0.19,101.08,24.37,98944,38,4.14,5.09666666666667,6.14,11.75,23.0666666666667,146.8
0,0.0,0.62,6516,0.04,23.2,24.39,98944,38,4.13666666666667,5.04,5.94333333333333,11.3466666666667,22.54,146.74
0,0.0,0.62,0,0.0,0.62,24.38,98945,38,4.13,5.02,5.88666666666667,11.28,22.4666666666667,146.743333333333
0,0.0,0.62,146066,0.97,504.39,24.37,98943,38,4.13333333333333,5.01333333333333,5.86,11.2533333333333,22.4333333333333,146.89
0,0.0,0.62,0,0.0,0.62,24.39,98948,38,4.13333333333333,4.99666666666667,5.81666666666667,11.2066666666667,22.39,146.79
0,0.0,0.62,0,0.0,0.62,24.36,98946,38,4.13666666666667,5.0,5.84666666666667,11.3233333333333,22.5433333333333,146.79
0,0.0,0.62,0,0.0,0.62,24.35,98946,38,4.14,5.04,5.85666666666667,11.8166666666667,23.3133333333333,146.633333333333
0,0.0,0.62,116843,0.78,403.89,24.34,98949,38,4.13333333333333,5.05333333333333,5.90333333333333,11.8666666666667,23.3666666666667,146.563333333333
0,0.0,0.62,100616,0.67,348.04,24.31,98948,38,4.11666666666667,5.03666666666667,5.90333333333333,11.8633333333333,23.3666666666667,145.69
0,0.0,0.62,172540,1.15,595.4,24.3,98949,38,4.11333333333333,5.08666666666667,5.92,12.73,26.6833333333333,145.5
0,0.0,0.62,0,0.0,0.62,24.31,98955,38,4.12333333333333,5.12666666666667,5.95,13.2533333333333,28.7533333333333,145.516666666667
0,0.0,0.62,33670,0.22,117.16,24.3,98953,38,4.12666666666667,5.18,5.98666666666667,14.1933333333333,30.83,145.593333333333
0,0.0,0.62,0,0.0,0.62,24.3,98952,38,4.15333333333333,5.20333333333333,6.03,13.94,28.52,146.03
0,0.0,0.62,88669,0.59,306.91,24.27,98958,38,4.17666666666667,5.26,6.1,14.2033333333333,28.2033333333333,146.53
0,0.0,0.62,34041,0.23,118.45,24.26,98955,38,4.18333333333333,5.24333333333333,5.93666666666667,14.6266666666667,29.4333333333333,146.81
0,0.0,0.62,0,0.0,0.62,24.25,98954,38,4.19333333333333,5.22,5.84666666666667,14.4266666666667,29.1766666666667,147.283333333333
40125,0.27,139.47,110583,0.74,382.35,24.24,98957,38,4.20666666666667,5.23666666666667,5.86333333333333,14.4666666666667,29.2266666666667,147.53
12150,0.08,42.72,135001,0.9,466.35,24.29,98958,38,4.22333333333333,5.26333333333333,5.92333333333333,14.62,29.4233333333333,148.206666666667
11140,0.07,39.22,309012,2.06,1065.35,24.27,98959,38,4.24,5.29666666666667,5.96666666666667,14.6633333333333,29.47,148.82
0,0.0,0.62,41700,0.28,144.91,24.26,98960,38,4.26333333333333,5.25333333333333,5.92,13.8866666666667,28.0933333333333,149.68
0,0.0,0.62,127281,0.85,439.8,24.27,98955,38,4.28333333333333,5.28,5.93666666666667,13.9066666666667,28.1066666666667,150.396666666667
0,0.0,0.62,191278,1.28,659.82,24.24,98957,38,4.3,5.31,6.0,13.96,28.17,150.906666666667
0,0.0,0.62,0,0.0,0.62,24.23,98958,39,4.32,5.33,6.01666666666667,14.0333333333333,28.2633333333333,151.71
0,0.0,0.62,21574,0.14,75.33,24.25,98959,39,4.34333333333333,5.39,6.04,14.77,29.8166666666667,152.47
0,0.0,0.62,0,0.0,0.62,24.26,98954,39,4.36,5.4,6.01,14.76,30.03,153.156666666667
13615,0.09,47.79,139262,0.93,481.0,24.2,98955,38,4.39333333333333,5.41,5.99333333333333,14.7766666666667,30.0666666666667,154.64
0,0.0,0.62,0,0.0,0.62,24.19,98954,38,4.42333333333333,5.50333333333333,6.14333333333333,15.43,31.2166666666667,155.743333333333
0,0.0,0.62,29309,0.2,102.09,24.15,98951,38,4.44666666666667,5.57,6.14333333333333,16.2633333333333,32.9366666666667,156.25
117237,0.78,405.25,327959,2.19,1130.88,24.17,98953,38,4.47666666666667,5.62,6.25333333333333,16.1933333333333,32.7833333333333,157.083333333333
0,0.0,0.62,98623,0.66,341.18,24.19,98952,38,4.48333333333333,5.64333333333333,6.33333333333333,16.3,32.9133333333333,157.173333333333
0,0.0,0.62,143888,0.96,496.91,24.21,98954,38,4.5,5.66,6.36,16.32,32.93,157.49
0,0.0,0.62,59925,0.4,207.82,23.2,98954,39,4.435,5.63,7.06,12.13,24.27,153.215
0,0.0,0.62,85243,0.57,295.1,23.19,98952,39,4.43333333333333,5.63333333333333,7.06666666666667,12.1333333333333,24.2733333333333,153.35
0,0.0,0.62,8314,0.06,29.43,23.17,98955,39,4.43666666666667,5.62333333333333,7.01333333333333,12.0166666666667,24.1266666666667,153.463333333333
0,0.0,0.62,0,0.0,0.62,23.17,98955,39,4.43333333333333,5.58,7.02333333333333,11.37,21.9666666666667,153.28
0,0.0,0.62,0,0.0,0.62,23.15,98952,39,4.42,5.55,7.01,10.83,19.27,153.31
0,0.0,0.62,0,0.0,0.62,22.51,98938,39,4.01,5.12,5.58,15.21,40.25,140.03
0,0.0,0.62,0,0.0,0.62,22.46,98939,39,4.03333333333333,5.20666666666667,5.80666666666667,15.55,40.6666666666667,141.026666666667
0,0.0,0.62,0,0.0,0.62,22.43,98945,39,4.03,5.21666666666667,5.84,15.6366666666667,40.7733333333333,140.89
0,0.0,0.62,0,0.0,0.62,22.43,98946,39,4.03,5.20666666666667,5.84666666666667,15.77,40.9666666666667,140.976666666667
0,0.0,0.62,70199,0.47,243.26,22.39,98947,40,4.04666666666667,5.21333333333333,5.88666666666667,15.5066666666667,40.21,141.28
0,0.0,0.62,144120,0.96,497.7,22.41,98942,39,4.06333333333333,5.22666666666667,5.90666666666667,15.6066666666667,41.1933333333333,141.653333333333
0,0.0,0.62,0,0.0,0.62,32.13,98510,21,1.53666666666667,2.22666666666667,1.60333333333333,16.5766666666667,119.296666666667,54.9933333333333
0,0.0,0.62,130163,0.87,449.71,32.08,98515,21,3.55666666666667,4.92666666666667,5.95666666666667,16.9833333333333,93.1833333333333,124.256666666667
0,0.0,0.62,143785,0.96,496.55,32.01,98513,21,3.95666666666667,5.52333333333333,7.86,14.6966666666667,61.8133333333333,133.813333333333
0,0.0,0.62,0,0.0,0.62,32.01,98514,21,4.02333333333333,5.72,8.21333333333333,15.4533333333333,52.2933333333333,137.456666666667
0,0.0,0.62,17166,0.11,60.08,32.04,98510,21,3.99333333333333,5.55666666666667,7.72666666666667,14.3466666666667,44.4,137.196666666667
0,0.0,0.62,799225,5.33,2829.78,32.09,98513,21,3.96333333333333,5.26333333333333,7.07666666666667,12.52,37.2433333333333,136.71
0,0.0,0.62,63585,0.42,220.45,31.96,98508,21,3.88666666666667,5.15333333333333,7.07,11.7833333333333,32.88,135.203333333333
46719,0.31,162.24,319742,2.13,1102.45,31.9,98510,21,3.80666666666667,5.03666666666667,6.87,11.8833333333333,31.0633333333333,133.556666666667
0,0.0,0.62,113789,0.76,393.38,31.92,98506,21,3.75666666666667,5.07,6.9,13.5133333333333,33.3366666666667,131.956666666667
0,0.0,0.62,268782,1.79,926.53,31.91,98507,21,3.72,4.99,6.68,13.3333333333333,31.4933333333333,131.186666666667
0,0.0,0.62,46725,0.31,162.26,31.89,98508,21,3.71333333333333,5.02333333333333,6.59,14.1866666666667,32.1666666666667,130.936666666667
0,0.0,0.62,0,0.0,0.62,31.82,98505,21,3.66666666666667,5.02666666666667,6.42,15.4766666666667,33.93,129.723333333333
0,0.0,0.62,57553,0.38,199.64,31.8,98505,21,3.62666666666667,4.94666666666667,6.29333333333333,14.9033333333333,32.0933333333333,128.47
0,0.0,0.62,0,0.0,0.62,31.75,98503,21,3.57333333333333,4.87,6.28,14.2933333333333,30.2666666666667,127.056666666667
0,0.0,0.62,0,0.0,0.62,31.7,98502,21,3.53333333333333,4.81666666666667,6.18333333333333,14.3133333333333,29.7233333333333,126.033333333333
0,0.0,0.62,0,0.0,0.62,31.75,98499,22,3.51,4.78666666666667,6.12666666666667,14.22,28.9766666666667,124.943333333333
0,0.0,0.62,0,0.0,0.62,31.73,98501,21,3.49,4.74666666666667,6.09666666666667,13.86,27.8133333333333,124.143333333333
127651,0.85,441.07,216102,1.44,745.18,31.79,98500,21,3.41333333333333,4.60333333333333,5.89,13.24,26.42,121.43
0,0.0,0.62,0,0.0,0.62,31.83,98504,21,3.33333333333333,4.52333333333333,5.72,13.63,27.3966666666667,118.803333333333
0,0.0,0.62,0,0.0,0.62,31.78,98495,21,3.31333333333333,4.53,5.62,14.51,29.5433333333333,117.803333333333
0,0.0,0.62,0,0.0,0.62,31.81,98499,21,3.29333333333333,4.48333333333333,5.52333333333333,14.4133333333333,29.42,116.783333333333
0,0.0,0.62,0,0.0,0.62,31.73,98499,22,3.29,4.53333333333333,5.73333333333333,14.3733333333333,28.7933333333333,116.493333333333
0,0.0,0.62,11463,0.08,40.34,31.78,98503,21,3.29333333333333,4.6,5.96666666666667,14.78,29.72,116.66
33331,0.22,115.99,195068,1.3,672.85,31.75,98502,22,3.3,4.65,5.96333333333333,15.9433333333333,35.2133333333333,116.856666666667
0,0.0,0.62,0,0.0,0.62,31.78,98501,21,3.29,4.625,5.91,15.705,34.405,116.635
0,0.0,0.62,0,0.0,0.62,32.87,98453,20,2.9,3.99,5.03,12.2266666666667,45.08,101.22
0,0.0,0.62,112056,0.75,387.42,32.7,98454,21,2.91666666666667,4.01666666666667,5.00333333333333,12.46,45.52,102.16
46430,0.31,161.25,163895,1.09,565.69,32.81,98454,21,2.91666666666667,4.01,4.95,12.4166666666667,45.4833333333333,102.343333333333
0,0.0,0.62,0,0.0,0.62,32.73,98449,21,2.91333333333333,3.94333333333333,4.86333333333333,11.3966666666667,42.3133333333333,102.523333333333
0,0.0,0.62,0,0.0,0.62,32.76,98450,21,2.9,3.87333333333333,4.83,10.13,38.1266666666667,101.813333333333
0,0.0,0.62,0,0.0,0.62,32.91,98457,21,2.90666666666667,3.90333333333333,4.85,10.26,38.1766666666667,102.343333333333
0,0.0,0.62,110077,0.73,380.61,32.98,98456,21,2.89,3.87666666666667,4.83666666666667,10.0866666666667,38.0033333333333,102.113333333333
11031,0.07,38.84,232474,1.55,801.5,33.14,98456,21,2.83,3.79333333333333,4.75,9.72333333333333,37.46,100.123333333333
0,0.0,0.62,0,0.0,0.62,33.22,98457,21,2.81,3.77,4.73,9.48,37.0333333333333,99.8866666666667
0,0.0,0.62,0,0.0,0.62,33.06,98454,20,2.82,3.77,4.70666666666667,9.44,36.9866666666667,100.22
0,0.0,0.62,0,0.0,0.62,33.18,98456,21,2.79333333333333,3.72,4.63,9.19666666666667,36.5666666666667,99.47
106816,0.71,369.39,164050,1.09,566.22,33.21,98449,20,2.75,3.65,4.58333333333333,8.63,35.29,97.9466666666667
140234,0.93,484.34,293377,1.96,1011.35,33.22,98449,21,2.77,3.66666666666667,4.66,8.2,21.94,98.5133333333333
182846,1.22,630.83,228269,1.52,787.03,32.66,98447,21,2.79666666666667,3.67333333333333,4.64666666666667,8.27333333333333,22.0433333333333,99.7
0,0.0,0.62,188829,1.26,651.4,32.87,98456,21,2.80333333333333,3.68,4.70666666666667,8.32,22.08,100.343333333333
0,0.0,0.62,0,0.0,0.62,32.88,98452,21,2.82333333333333,3.70333333333333,4.77666666666667,8.03333333333333,21.5266666666667,100.933333333333
0,0.0,0.62,43072,0.29,149.65,32.92,98449,21,2.84333333333333,3.72666666666667,4.78333333333333,7.97666666666667,21.4366666666667,101.166666666667
0,0.0,0.62,24529,0.16,85.56,32.71,98451,21,2.86333333333333,3.72666666666667,4.77333333333333,7.96666666666667,21.43,101.79
0,0.0,0.62,229545,1.53,791.42,32.76,98450,21,2.87666666666667,3.74666666666667,4.79,8.13333333333333,14.9766666666667,102.166666666667
8484,0.06,30.02,247312,1.65,852.57,32.84,98453,21,2.89,3.77666666666667,4.81666666666667,8.46,15.8266666666667,102.503333333333
148245,0.99,511.89,244812,1.63,843.96,32.92,98453,22,2.89,3.82,4.86666666666667,9.01333333333333,19.4766666666667,102.536666666667
76711,0.51,265.7,246470,1.64,849.67,33.06,98451,22,2.9,3.87,4.95666666666667,9.22,19.75,102.596666666667
0,0.0,0.62,0,0.0,0.62,33.02,98450,22,2.91333333333333,3.89333333333333,4.98,9.24333333333333,19.7733333333333,102.86
0,0.0,0.62,0,0.0,0.62,33.15,98452,22,2.98333333333333,3.95666666666667,5.04333333333333,9.30666666666667,19.8266666666667,105.056666666667
0,0.0,0.62,0,0.0,0.62,33.22,98453,21,3.02333333333333,3.97,4.97666666666667,9.20666666666667,19.7,105.73
0,0.0,0.62,0,0.0,0.62,33.34,98445,21,3.06333333333333,4.04,4.99666666666667,9.7,20.53,107.053333333333
0,0.0,0.62,0,0.0,0.62,33.41,98450,21,3.12,4.09,5.04666666666667,9.68333333333334,21.1333333333333,109.133333333333
0,0.0,0.62,67911,0.45,235.37,33.44,98440,21,3.13,4.07333333333333,4.97,9.73,22.58,109.35
0,0.0,0.62,0,0.0,0.62,33.39,98443,21,3.13,4.1,4.94666666666667,10.3366666666667,24.2633333333333,109.636666666667
0,0.0,0.62,114673,0.76,396.42,33.54,98444,21,3.13,4.12666666666667,4.92,11.2233333333333,28.2633333333333,109.733333333333
199242,1.33,687.2,342338,2.28,1180.68,33.64,98441,21,3.11333333333333,4.09,4.87,11.15,28.1733333333333,109.07
137887,0.92,476.27,193322,1.29,666.85,33.67,98443,21,3.1,4.07,4.84,11.12,28.1466666666667,108.47
196885,1.31,679.1,244454,1.63,842.73,33.64,98444,21,3.11666666666667,4.12333333333333,5.01,11.19,27.59,108.253333333333
176514,1.18,609.07,223008,1.49,768.93,33.75,98442,21,3.12,4.15,4.98666666666667,11.9466666666667,33.13,108.31
0,0.0,0.62,64408,0.43,223.29,33.78,98442,21,3.19,4.22333333333333,5.05,12.0166666666667,33.2,110.253333333333
0,0.0,0.62,0,0.0,0.62,33.73,98440,21,3.20666666666667,4.23666666666667,5.06333333333333,12.0266666666667,33.21,110.27
18786,0.13,65.69,108930,0.73,376.66,33.69,98445,21,3.19666666666667,4.24333333333333,5.05,12.33,33.9133333333333,109.74
75115,0.5,260.2,146063,0.97,504.38,33.78,98443,21,3.18333333333333,4.24666666666667,5.02666666666667,12.7766666666667,35.0266666666667,109.363333333333
0,0.0,0.62,0,0.0,0.62,33.65,98438,21,3.17333333333333,4.2,4.93,12.59,34.7866666666667,109.08
0,0.0,0.62,113507,0.76,392.41,33.35,98439,21,3.19,4.22,4.95,12.61,34.8066666666667,109.6
0,0.0,0.62,180826,1.21,623.89,33.48,98441,21,3.24,4.28666666666667,5.06333333333333,12.7933333333333,35.02,111.303333333333
0,0.0,0.62,36094,0.24,125.54,33.42,98437,21,3.26,4.34333333333333,5.12,13.2733333333333,37.02,112.006666666667
0,0.0,0.62,155215,1.03,535.85,33.24,98438,22,3.26,4.33666666666667,5.07666666666667,13.57,39.7066666666667,111.636666666667
0,0.0,0.62,58608,0.39,203.28,33.29,98442,21,3.27666666666667,4.38666666666667,5.15,13.76,40.07,111.97
0,0.0,0.62,40148,0.27,139.55,33.1,98439,22,3.36,4.50666666666667,5.21,14.6366666666667,41.92,114.786666666667
0,0.0,0.62,0,0.0,0.62,33.03,98439,22,3.38,4.51,5.20333333333333,14.6266666666667,41.9133333333333,115.3
36820,0.25,128.05,88465,0.59,306.2,33.08,98441,22,3.39666666666667,4.56,5.30666666666667,14.8733333333333,42.2333333333333,115.936666666667
0,0.0,0.62,72052,0.48,249.65,33.0,98436,22,3.43333333333333,4.66,5.52333333333333,15.3766666666667,42.8833333333333,117.153333333333
102280,0.68,353.77,208216,1.39,718.06,32.99,98440,22,3.50666666666667,4.74666666666667,5.62666666666667,15.5166666666667,43.04,119.753333333333
0,0.0,0.62,97074,0.65,335.85,32.91,98439,22,3.52666666666667,4.75666666666667,5.63333333333333,15.4333333333333,42.9066666666667,120.236666666667
0,0.0,0.62,119623,0.8,413.45,32.88,98440,22,3.54666666666667,4.78,5.66666666666667,15.3766666666667,42.81,120.583333333333
0,0.0,0.62,0,0.0,0.62,32.58,98435,22,3.56333333333333,4.81333333333333,5.74666666666667,15.4233333333333,42.85,120.94
0,0.0,0.62,0,0.0,0.62,32.55,98435,22,3.56,4.79,5.69,15.2866666666667,42.6766666666667,120.99
12035,0.08,42.32,352160,2.35,1214.73,32.65,98433,23,3.57,4.78666666666667,5.61666666666667,15.4,43.5566666666667,121.24
0,0.0,0.62,0,0.0,0.62,32.47,98432,23,3.58,4.80666666666667,5.61666666666667,15.7766666666667,45.4966666666667,121.86
0,0.0,0.62,107049,0.71,370.19,32.55,98434,22,3.59333333333333,4.82333333333333,5.63666666666667,15.7966666666667,45.5166666666667,122.453333333333
0,0.0,0.62,72330,0.48,250.6,32.57,98431,22,3.60333333333333,4.82333333333333,5.60666666666667,15.7666666666667,45.4833333333333,122.856666666667
0,0.0,0.62,0,0.0,0.62,32.4,98433,23,3.62,4.82333333333333,5.6,15.61,44.2966666666667,123.4
0,0.0,0.62,3855,0.03,13.98,32.16,98431,23,3.63,4.83333333333333,5.64,15.3866666666667,42.0366666666667,123.716666666667
0,0.0,0.62,0,0.0,0.62,32.28,98431,23,3.65,4.89666666666667,5.73666666666667,15.81,40.0433333333333,124.26
149621,1.0,516.62,415879,2.77,1436.57,32.38,98433,23,3.67,4.95333333333333,5.72666666666667,16.6933333333333,41.77,124.943333333333
170382,1.14,587.99,243742,1.62,840.28,32.32,98430,23,3.69,4.99666666666667,5.84333333333333,16.8166666666667,41.9066666666667,125.573333333333
0,0.0,0.62,41008,0.27,142.52,32.36,98433,23,3.7,5.0,5.85,16.82,41.9166666666667,126.136666666667
0,0.0,0.62,15200,0.1,53.28,32.42,98429,23,3.7,5.01333333333333,5.91,16.8866666666667,41.99,126.673333333333
0,0.0,0.62,0,0.0,0.62,32.44,98427,23,3.7,5.01333333333333,5.99666666666667,16.47,41.2333333333333,126.863333333333
50571,0.34,175.54,140761,0.94,486.15,32.58,98432,23,3.71333333333333,5.02,5.97333333333333,16.5033333333333,40.68,127.27
119539,0.8,413.17,255644,1.7,881.26,32.51,98427,23,3.72666666666667,5.1,6.03333333333333,17.27,40.7266666666667,127.473333333333
0,0.0,0.62,212112,1.41,731.45,32.58,98429,23,3.74333333333333,5.1,6.09,16.8266666666667,39.2633333333333,127.983333333333
0,0.0,0.62,89055,0.59,308.23,32.57,98428,23,3.74,5.08,6.18333333333333,15.9433333333333,35.2533333333333,127.926666666667
0,0.0,0.62,44608,0.3,154.95,32.44,98424,23,3.76,5.14,6.23,16.3733333333333,35.88,128.973333333333
134577,0.9,464.89,788080,5.25,2787.26,32.34,98427,23,3.9,5.32,6.43,16.5766666666667,36.0866666666667,131.74
43778,0.29,152.09,116974,0.78,404.34,32.32,98425,22,4.02666666666667,5.39,6.43,16.02,34.3033333333333,134.723333333333
53000,0.35,183.93,145096,0.97,501.06,32.12,98426,23,4.09666666666667,5.45666666666667,6.56333333333333,15.34,28.51,136.44
0,0.0,0.62,20674,0.14,72.22,32.01,98424,23,4.18333333333333,5.6,6.78,15.7,28.95,138.326666666667
118359,0.79,409.11,304504,2.03,1049.78,32.14,98423,23,4.23666666666667,5.71333333333333,6.96333333333333,15.9366666666667,29.2166666666667,140.016666666667
244809,1.63,843.95,496339,3.31,1719.51,32.25,98421,23,4.28,5.80333333333333,7.14,15.7366666666667,28.58,141.453333333333
0,0.0,0.62,50654,0.34,175.83,32.23,98421,23,4.33,5.81666666666667,7.19333333333333,15.0533333333333,27.0066666666667,143.03
0,0.0,0.62,78862,0.53,273.12,32.34,98423,23,4.38333333333333,5.88666666666667,7.29333333333333,15.1866666666667,27.1566666666667,144.4
0,0.0,0.62,94457,0.63,326.84,32.23,98422,23,4.41333333333333,5.99,7.48666666666667,15.9,31.0033333333333,145.213333333333
35250,0.23,122.62,321784,2.15,1109.51,32.24,98422,23,4.43,6.0,7.5,15.8433333333333,30.92,146.01
0,0.0,0.62,52816,0.35,183.29,32.42,98419,23,4.49333333333333,6.04,7.45,15.7666666666667,32.1433333333333,148.296666666667
192776,1.29,664.97,320143,2.13,1103.83,32.47,98422,22,4.52666666666667,6.02333333333333,7.36,15.42,31.3766666666667,149.543333333333
0,0.0,0.62,120005,0.8,414.77,32.56,98425,22,4.55333333333333,5.98333333333333,7.35333333333333,14.5933333333333,29.5633333333333,150.123333333333
41755,0.28,145.1,225259,1.5,776.67,32.67,98424,22,4.6,6.05666666666667,7.49,14.74,29.7266666666667,151.44
0,0.0,0.62,84940,0.57,294.06,32.73,98421,22,4.63666666666667,6.09,7.52333333333333,14.6266666666667,29.5466666666667,152.143333333333
0,0.0,0.62,170311,1.14,587.74,32.77,98421,22,4.66333333333333,6.09,7.5,14.4233333333333,29.26,153.223333333333
0,0.0,0.62,0,0.0,0.62,32.85,98424,22,4.68,6.08333333333333,7.46333333333333,14.36,29.1733333333333,153.883333333333
0,0.0,0.62,0,0.0,0.62,32.86,98426,22,4.69,6.08333333333333,7.44,14.2666666666667,29.05,154.573333333333
0,0.0,0.62,108827,0.73,376.31,32.81,98426,22,4.7,6.11,7.48333333333333,14.3466666666667,29.15,154.993333333333
0,0.0,0.62,207952,1.39,717.15,32.8,98421,22,4.71333333333333,6.11,7.45,14.3233333333333,29.1233333333333,155.546666666667
0,0.0,0.62,0,0.0,0.62,32.59,98423,22,4.74666666666667,6.14666666666667,7.46666666666667,14.49,30.3133333333333,156.5
0,0.0,0.62,60816,0.41,210.9,32.43,98423,22,4.75666666666667,6.17,7.49,14.6233333333333,31.72,157.01
0,0.0,0.62,91865,0.61,317.91,32.33,98420,22,4.78,6.17,7.51,14.2666666666667,29.8,157.59
0,0.0,0.62,1425,0.01,5.56,32.24,98419,23,4.79666666666667,6.18666666666667,7.51666666666667,14.2766666666667,29.8066666666667,158.276666666667
0,0.0,0.62,139593,0.93,482.14,32.23,98419,23,4.81,6.20333333333333,7.55666666666667,14.32,29.8566666666667,158.863333333333
0,0.0,0.62,0,0.0,0.62,32.33,98417,23,4.82,6.20666666666667,7.57,14.3166666666667,29.8466666666667,159.463333333333
53464,0.36,185.53,369547,2.46,1275.1,32.52,98422,23,4.84333333333333,6.16,7.45666666666667,13.8966666666667,29.1866666666667,160.526666666667
0,0.0,0.62,8768,0.06,31.0,32.57,98423,23,4.87333333333333,6.16666666666667,7.51666666666667,13.2266666666667,27.8333333333333,161.706666666667
110066,0.73,380.57,158352,1.06,546.63,32.79,98425,22,4.88333333333333,6.15333333333333,7.43333333333333,13.13,27.7233333333333,162.543333333333
0,0.0,0.62,143454,0.96,495.41,32.78,98423,23,4.92333333333333,6.22333333333333,7.47333333333333,13.9533333333333,30.06,163.736666666667
152840,1.02,527.68,277019,1.85,954.92,32.74,98422,23,4.96,6.24,7.44333333333333,13.9166666666667,30.01,164.796666666667
0,0.0,0.62,97922,0.65,338.77,32.44,98420,23,4.99,6.24,7.39666666666667,13.92,30.0266666666667,166.096666666667
0,0.0,0.62,39574,0.26,137.57,32.33,98420,23,5.01,6.25,7.44333333333333,13.72,29.6266666666667,167.13
0,0.0,0.62,14055,0.09,49.31,32.29,98420,23,5.035,6.205,7.455,12.655,27.72,168.0
0,0.0,0.62,96723,0.64,334.64,26.75,98424,33,7.725,9.17,9.915,23.175,46.835,255.665
0,0.0,0.62,171606,1.14,592.19,26.76,98423,34,7.71666666666667,9.15,9.88333333333333,23.0933333333333,46.73,255.77
90738,0.6,314.03,312825,2.09,1078.53,26.79,98423,33,7.74,9.17333333333333,9.94666666666667,23.2233333333333,46.89,256.903333333333
0,0.0,0.62,148441,0.99,512.56,26.8,98424,33,7.75,9.18,9.95666666666667,23.2333333333333,46.9,257.266666666667
0,0.0,0.62,109280,0.73,377.87,26.8,98426,34,7.76333333333333,9.20333333333333,9.98,23.2533333333333,46.9233333333333,257.633333333333
0,0.0,0.62,0,0.0,0.62,26.67,98424,34,7.77333333333333,9.2,10.0333333333333,22.8066666666667,43.0833333333333,257.876666666667
33816,0.23,117.67,281611,1.88,970.76,26.6,98427,34,7.77,9.18,9.97666666666667,22.7066666666667,42.9566666666667,258.153333333333
346294,2.31,1194.39,452366,3.02,1564.43,26.6,98426,34,7.79666666666667,9.21,9.97666666666667,22.6166666666667,42.8233333333333,258.686666666667
0,0.0,0.62,0,0.0,0.62,26.5,98430,34,7.83333333333333,9.33666666666667,10.0466666666667,24.15,46.2333333333333,259.75
0,0.0,0.62,106288,0.71,367.57,26.53,98429,34,7.85,9.28666666666667,10.0966666666667,23.06,44.1566666666667,260.413333333333
0,0.0,0.62,105819,0.71,365.95,26.52,98425,34,7.85666666666667,9.23666666666667,10.1233333333333,22.0233333333333,42.0833333333333,261.013333333333
0,0.0,0.62,6738,0.04,23.97,26.43,98428,34,7.87666666666667,9.28,10.29,21.8633333333333,41.6166666666667,261.68
0,0.0,0.62,135830,0.91,469.2,26.43,98428,34,7.89,9.34666666666667,10.44,22.0866666666667,41.8866666666667,262.4
0,0.0,0.62,84683,0.56,293.17,26.47,98433,34,7.91,9.35666666666667,10.5633333333333,21.5533333333333,40.7333333333333,263.196666666667
0,0.0,0.62,201923,1.35,696.42,26.46,98434,34,7.92666666666667,9.37666666666667,10.66,21.3666666666667,40.2566666666667,263.78
0,0.0,0.62,0,0.0,0.62,26.45,98432,34,7.96333333333333,9.43,10.7533333333333,21.49,40.4033333333333,265.146666666667
0,0.0,0.62,12916,0.09,45.37,26.44,98433,34,7.97666666666667,9.46,10.81,21.5466666666667,40.4566666666667,265.983333333333
0,0.0,0.62,3701,0.02,13.45,26.29,98434,35,8.00666666666667,9.51,10.8666666666667,21.83,40.85,267.146666666667
0,0.0,0.62,0,0.0,0.62,26.25,98435,35,8.03666666666667,9.54333333333333,10.8866666666667,22.0566666666667,41.1733333333333,268.16
0,0.0,0.62,0,0.0,0.62,26.3,98434,35,8.06,9.60666666666667,11.0966666666667,22.41,41.6066666666667,269.263333333333
0,0.0,0.62,0,0.0,0.62,26.3,98438,35,8.09666666666667,9.67333333333333,11.2833333333333,22.3033333333333,41.35,270.663333333333
0,0.0,0.62,0,0.0,0.62,26.34,98434,35,8.13666666666666,9.77,11.4,23.1233333333333,42.6933333333333,271.896666666667
124793,0.83,431.24,320818,2.14,1106.17,26.33,98433,35,8.16666666666667,9.87666666666667,11.5966666666667,23.7966666666667,43.6866666666667,272.866666666667
0,0.0,0.62,0,0.0,0.62,26.34,98436,35,8.18666666666667,9.86333333333334,11.6033333333333,23.44,43.09,273.78
0,0.0,0.62,182683,1.22,630.27,26.38,98437,35,8.2,9.79,11.5633333333333,21.6533333333333,36.4066666666667,274.496666666667
0,0.0,0.62,235122,1.57,810.61,26.48,98435,35,8.20333333333333,9.75333333333333,11.5566666666667,21.1166666666667,35.4766666666667,275.046666666667
98276,0.66,339.99,213138,1.42,734.98,26.51,98436,35,8.21666666666667,9.79,11.6366666666667,21.04,34.38,275.553333333333
0,0.0,0.62,216532,1.44,746.65,26.54,98437,35,8.21666666666667,9.76,11.6233333333333,20.39,32.07,275.703333333333
0,0.0,0.62,209104,1.39,721.11,26.51,98434,35,8.23666666666667,9.77,11.6933333333333,19.8733333333333,32.3433333333333,276.246666666667
0,0.0,0.62,46000,0.31,159.76,26.57,98437,35,8.23666666666667,9.78,11.69,19.7866666666667,31.1666666666667,276.746666666667
0,0.0,0.62,0,0.0,0.62,26.49,98433,35,8.25333333333333,9.82,11.67,20.5166666666667,32.72,277.03
0,0.0,0.62,94120,0.63,325.68,26.52,98435,35,8.28,9.85666666666667,11.7266666666667,20.5566666666667,32.76,277.42
0,0.0,0.62,98280,0.66,340.0,26.56,98437,35,8.30333333333333,9.89,11.7533333333333,20.5233333333333,32.6966666666667,277.733333333333
0,0.0,0.62,19684,0.13,68.79,26.59,98435,35,8.30333333333333,9.90666666666667,11.7133333333333,20.88,35.53,277.956666666667
0,0.0,0.62,306127,2.04,1055.38,26.58,98435,35,8.31,9.93333333333333,11.7766666666667,20.9366666666667,35.5933333333333,278.046666666667
81961,0.55,283.8,246954,1.65,851.34,26.57,98438,35,8.29666666666667,9.91333333333333,11.7333333333333,21.1133333333333,37.95,277.816666666667
113081,0.75,390.95,310371,2.07,1070.05,26.57,98438,35,8.28666666666667,9.88,11.66,20.9733333333333,37.7666666666667,277.67
0,0.0,0.62,35786,0.24,124.48,26.5,98439,35,8.27666666666667,9.92333333333333,11.6833333333333,21.51,38.64,277.3
0,0.0,0.62,48115,0.32,167.06,26.49,98438,35,8.26333333333333,9.90333333333333,11.6833333333333,21.3966666666667,38.4466666666667,276.873333333333
0,0.0,0.62,0,0.0,0.62,26.44,98436,35,8.25333333333333,9.91,11.6566666666667,22.0233333333333,40.1666666666667,276.643333333333
0,0.0,0.62,43048,0.29,149.57,26.44,98444,35,8.25666666666667,9.91333333333333,11.6533333333333,22.0166666666667,40.1633333333333,276.746666666667
0,0.0,0.62,0,0.0,0.62,26.46,98441,35,8.26,9.91333333333333,11.5966666666667,21.89,39.99,276.206666666667
37600,0.25,130.75,435226,2.9,1504.28,26.44,98443,35,8.26666666666667,9.95666666666667,11.56,23.0366666666667,44.0,276.036666666667
0,0.0,0.62,151315,1.01,522.44,26.5,98446,35,8.27,9.96,11.5666666666667,23.0366666666667,44.0066666666667,276.13
0,0.0,0.62,66752,0.45,231.37,26.46,98444,35,8.28333333333333,9.98666666666667,11.6266666666667,23.0966666666667,44.0666666666667,276.486666666667
0,0.0,0.62,0,0.0,0.62,26.44,98446,36,8.30333333333333,9.99333333333333,11.6033333333333,23.0733333333333,44.0433333333333,276.823333333333
0,0.0,0.62,103615,0.69,358.37,26.49,98447,35,8.31,10.03,11.7133333333333,23.2066666666667,44.19,276.766666666667
0,0.0,0.62,13744,0.09,48.23,26.48,98448,35,8.29,9.99666666666667,11.68,23.18,44.1666666666667,276.503333333333
0,0.0,0.62,129997,0.87,449.14,26.47,98444,35,8.26666666666667,9.88,11.63,21.66,40.77,275.93
0,0.0,0.62,280864,1.87,968.18,26.48,98447,35,8.26333333333333,9.86666666666667,11.6266666666667,21.4666666666667,40.4866666666667,275.71
0,0.0,0.62,167859,1.12,579.31,26.39,98449,36,8.27666666666667,9.85333333333333,11.5533333333333,21.2733333333333,40.2133333333333,275.756666666667
0,0.0,0.62,85500,0.57,295.99,26.34,98453,36,8.27333333333333,9.80666666666667,11.4166666666667,21.06,39.9566666666667,275.253333333333
0,0.0,0.62,184538,1.23,636.65,26.42,98451,36,8.26,9.77666666666667,11.3366666666667,20.93,39.8,275.05
181323,1.21,625.6,230171,1.53,793.57,26.49,98453,36,8.26666666666667,9.78333333333333,11.3,20.83,39.6633333333333,275.176666666667
168957,1.13,583.09,262475,1.75,904.79,26.51,98448,36,8.25,9.77,11.2666666666667,20.7633333333333,39.5833333333333,274.696666666667
0,0.0,0.62,23691,0.16,82.66,26.35,98444,36,8.25,9.80333333333333,11.3533333333333,20.9666666666667,39.8366666666667,274.653333333333
0,0.0,0.62,118645,0.79,410.09,26.44,98450,36,8.24333333333333,9.83666666666667,11.5266666666667,20.9833333333333,39.81,274.353333333333
0,0.0,0.62,16813,0.11,58.86,26.48,98451,36,8.24333333333333,9.83333333333333,11.5333333333333,20.7866666666667,39.5066666666667,274.233333333333
0,0.0,0.62,80166,0.53,277.61,26.44,98446,36,8.25,9.77333333333333,11.32,20.2833333333333,38.85,274.05
0,0.0,0.62,108911,0.73,376.6,26.46,98449,36,8.24,9.72333333333333,11.1733333333333,20.1333333333333,38.68,273.62
88678,0.59,306.94,247966,1.65,854.82,26.43,98446,36,8.23666666666667,9.66666666666667,11.1,19.48,37.56,273.563333333333
64224,0.43,222.65,322617,2.15,1112.39,26.41,98445,36,8.23666666666667,9.61333333333333,10.94,19.0933333333333,36.98,273.74
12751,0.09,44.8,272959,1.82,940.92,26.42,98447,36,8.24,9.61,10.9366666666667,19.09,36.98,273.88
0,0.0,0.62,17980,0.12,62.9,26.4,98449,36,8.23666666666667,9.61333333333333,10.94,19.0966666666667,36.9833333333333,273.836666666667
0,0.0,0.62,0,0.0,0.62,26.32,98449,36,8.23333333333333,9.58666666666667,10.8933333333333,19.0233333333333,36.9033333333333,273.573333333333
0,0.0,0.62,0,0.0,0.62,26.3,98448,36,8.22333333333333,9.53666666666667,10.7733333333333,18.8666666666667,36.7166666666667,273.22
0,0.0,0.62,16873,0.11,59.07,26.25,98448,36,8.22,9.51,10.7266666666667,18.67,35.49,272.966666666667
1871,0.01,7.11,118573,0.79,409.84,26.29,98446,36,8.19333333333333,9.50333333333333,10.69,18.93,34.02,272.326666666667
0,0.0,0.62,70141,0.47,243.06,26.3,98451,36,8.18333333333333,9.47,10.7233333333333,18.54,33.1133333333333,271.846666666667
95203,0.63,329.41,393446,2.62,1358.27,26.31,98451,36,8.18666666666667,9.41666666666667,10.7866666666667,16.66,27.42,271.523333333333
57390,0.38,199.08,348986,2.33,1203.72,26.31,98449,36,8.16666666666667,9.51,10.9833333333333,17.6033333333333,28.82,271.046666666667
0,0.0,0.62,0,0.0,0.62,26.3,98448,37,8.16333333333333,9.52666666666667,11.0533333333333,17.9233333333333,29.2633333333333,270.92
147923,0.99,510.78,294979,1.97,1016.88,26.11,98449,37,8.17666666666667,9.5,11.07,17.34,26.1,271.086666666667
0,0.0,0.62,86948,0.58,300.98,26.21,98449,37,8.16333333333333,9.47333333333333,11.01,17.28,26.03,270.7
19363,0.13,67.68,205620,1.37,709.13,26.16,98445,37,8.16,9.46333333333333,11.0166666666667,17.0366666666667,23.5966666666667,270.663333333333
0,0.0,0.62,149126,0.99,514.92,25.99,98445,37,8.14,9.43333333333333,10.97,16.99,23.5433333333333,270.5
0,0.0,0.62,0,0.0,0.62,25.88,98444,37,8.13666666666667,9.39333333333333,10.9666666666667,16.4966666666667,22.7266666666667,270.376666666667
0,0.0,0.62,62198,0.41,215.66,25.83,98442,37,8.14666666666667,9.36,10.8566666666667,16.3066666666667,22.49,270.513333333333
0,0.0,0.62,0,0.0,0.62,25.9,98442,37,8.15333333333333,9.36666666666667,10.9633333333333,15.54,20.4433333333333,270.876666666667
0,0.0,0.62,75316,0.5,260.9,25.97,98439,37,8.17,9.42,11.08,15.9766666666667,21.04,270.94
0,0.0,0.62,204040,1.36,703.7,25.99,98437,37,8.17333333333333,9.39666666666667,11.0333333333333,15.9333333333333,20.9966666666667,271.496666666667
8106,0.05,28.71,308566,2.06,1063.81,26.0,98437,37,8.16333333333333,9.34,11.0233333333333,14.74,16.9366666666667,271.32
0,0.0,0.62,162256,1.08,560.05,26.04,98436,37,8.15666666666667,9.36333333333333,11.09,15.01,17.3133333333333,271.296666666667
34039,0.23,118.44,405429,2.7,1400.07,25.88,98434,38,8.14333333333333,9.39333333333333,11.1833333333333,15.2833333333333,17.68,271.143333333333
0,0.0,0.62,84357,0.56,292.05,25.84,98432,38,8.14,9.41333333333333,11.2566666666667,15.4066666666667,17.8333333333333,271.336666666667
0,0.0,0.62,93290,0.62,322.82,25.8,98433,38,8.16,9.44,11.2,15.8266666666667,18.63,271.893333333333
0,0.0,0.62,240206,1.6,828.11,25.72,98434,38,8.19333333333333,9.48666666666667,11.2133333333333,16.0733333333333,19.0733333333333,272.793333333333
51552,0.34,178.93,97085,0.65,335.89,25.77,98431,38,8.20333333333333,9.51,11.2433333333333,16.1033333333333,19.0966666666667,273.603333333333
0,0.0,0.62,0,0.0,0.62,25.75,98426,38,8.20666666666667,9.51333333333333,11.2533333333333,16.23,19.2766666666667,274.166666666667
167528,1.12,578.18,312062,2.08,1075.89,25.75,98430,38,8.2,9.50666666666667,11.2533333333333,16.3066666666667,19.3933333333333,274.18
0,0.0,0.62,0,0.0,0.62,25.64,98431,38,8.20666666666667,9.5,11.25,16.32,19.41,274.486666666667
0,0.0,0.62,0,0.0,0.62,25.59,98426,38,8.20666666666667,9.52666666666667,11.33,16.43,19.5466666666667,274.92
0,0.0,0.62,224614,1.5,774.45,25.59,98427,38,8.22333333333333,9.53,11.3266666666667,16.4266666666667,19.5433333333333,275.34
0,0.0,0.62,0,0.0,0.62,25.63,98427,38,8.23333333333333,9.54,11.3666666666667,16.5833333333333,19.7533333333333,275.91
0,0.0,0.62,187075,1.25,645.37,25.49,98426,39,8.26,9.55666666666667,11.3766666666667,16.6566666666667,19.8566666666667,276.58
0,0.0,0.62,0,0.0,0.62,25.56,98427,38,8.28333333333333,9.55333333333333,11.28,16.74,20.0433333333333,277.043333333333
0,0.0,0.62,101265,0.68,350.28,25.62,98427,38,8.27333333333333,9.54,11.14,17.1133333333333,20.69,277.27
0,0.0,0.62,225414,1.5,777.21,25.62,98427,39,8.26333333333333,9.55333333333333,11.1333333333333,17.4166666666667,21.1733333333333,277.43
0,0.0,0.62,53391,0.36,185.28,25.65,98428,39,8.27,9.55333333333333,11.1366666666667,17.4166666666667,21.17,277.98
0,0.0,0.62,0,0.0,0.62,25.59,98432,39,8.29666666666667,9.65333333333333,11.33,17.8966666666667,21.83,278.78
72643,0.48,251.68,343265,2.29,1183.89,25.6,98432,39,8.30333333333333,9.69,11.4066666666667,18.0966666666667,22.1566666666667,279.096666666667
68319,0.46,236.77,232539,1.55,801.72,25.52,98429,39,8.31,9.71333333333333,11.4533333333333,18.14,22.2,279.413333333333
0,0.0,0.62,33356,0.22,116.08,25.53,98430,39,8.33333333333333,9.77333333333333,11.54,18.22,22.29,279.94
0,0.0,0.62,172793,1.15,596.27,25.48,98432,39,8.32666666666667,9.77666666666667,11.55,18.2266666666667,22.2933333333333,280.173333333333
0,0.0,0.62,101189,0.67,350.02,25.47,98431,39,8.32333333333333,9.76666666666667,11.5166666666667,18.1833333333333,22.24,280.143333333333
0,0.0,0.62,66141,0.44,229.26,25.46,98429,39,8.33,9.81666666666667,11.63,18.48,22.64,280.286666666667
0,0.0,0.62,95001,0.63,328.71,25.44,98429,39,8.35,9.82,11.6733333333333,18.0266666666667,21.9066666666667,280.65
0,0.0,0.62,150431,1.0,519.4,25.46,98432,39,8.35333333333333,9.76333333333333,11.5966666666667,17.3266666666667,20.8233333333333,280.986666666667
145718,0.97,503.2,188041,1.25,648.69,25.49,98432,39,8.34,9.72,11.52,17.2433333333333,20.74,281.02
817,0.01,3.45,126057,0.84,435.59,25.51,98435,39,8.33,9.6,11.3033333333333,16.3766666666667,19.4633333333333,281.126666666667
0,0.0,0.62,0,0.0,0.62,25.52,98431,39,8.32666666666667,9.56,11.1733333333333,16.05,19.02,281.06
0,0.0,0.62,0,0.0,0.62,25.52,98429,39,8.32333333333333,9.55666666666667,11.1866666666667,16.0533333333333,19.0266666666667,280.943333333333
80146,0.53,277.54,138696,0.92,479.05,25.46,98430,39,8.3,9.54333333333333,11.19,16.07,19.0566666666667,280.303333333333
0,0.0,0.62,42623,0.28,148.1,25.42,98428,39,8.27,9.53,11.18,16.15,19.2233333333333,279.316666666667
159580,1.06,550.85,383086,2.55,1322.19,25.41,98433,39,8.28,9.56,11.2,16.35,19.54,279.153333333333
0,0.0,0.62,77531,0.52,268.53,25.43,98431,39,8.28333333333333,9.55,11.1666666666667,16.2766666666667,19.4466666666667,279.316666666667
122417,0.82,423.07,170909,1.14,589.8,25.47,98433,39,8.27666666666667,9.58333333333333,11.26,16.42,19.6266666666667,279.256666666667
0,0.0,0.62,96539,0.64,334.01,25.52,98430,39,8.26666666666667,9.54666666666667,11.1533333333333,16.3366666666667,19.5433333333333,278.883333333333
0,0.0,0.62,0,0.0,0.62,25.48,98428,39,8.25666666666667,9.49333333333333,11.05,15.9833333333333,19.07,278.576666666667
0,0.0,0.62,0,0.0,0.62,25.54,98432,39,8.25666666666667,9.53,11.1533333333333,16.1633333333333,19.2833333333333,278.393333333333
0,0.0,0.62,0,0.0,0.62,25.52,98433,39,8.25666666666667,9.58,11.2566666666667,16.4933333333333,19.7433333333333,278.466666666667
0,0.0,0.62,4347,0.03,15.69,25.47,98437,39,8.27,9.58,11.2233333333333,16.3766666666667,19.59,278.263333333333
0,0.0,0.62,154419,1.03,533.11,25.53,98436,39,8.26666666666667,9.55333333333333,11.1266666666667,16.0966666666667,19.2166666666667,278.056666666667
0,0.0,0.62,0,0.0,0.62,25.58,98437,39,8.25,9.51,11.03,15.95,19.0433333333333,277.68
0,0.0,0.62,12899,0.09,45.31,25.57,98439,39,8.23,9.46,11.0,15.4333333333333,18.12,276.876666666667
0,0.0,0.62,0,0.0,0.62,25.43,98438,39,8.20666666666667,9.46666666666667,11.1133333333333,15.3366666666667,17.8566666666667,275.946666666667
0,0.0,0.62,0,0.0,0.62,25.43,98438,39,8.20333333333333,9.48666666666667,11.2,15.4666666666667,18.0166666666667,275.353333333333
0,0.0,0.62,66767,0.45,231.42,25.34,98439,39,8.21666666666667,9.51,11.2166666666667,15.3633333333333,17.8533333333333,275.066666666667
0,0.0,0.62,25494,0.17,88.89,25.2,98438,40,8.23,9.50666666666667,11.1833333333333,15.2466666666667,17.7,275.263333333333
166549,1.11,574.81,296659,1.98,1022.68,25.24,98439,40,8.23,9.54666666666667,11.16,16.14,21.5733333333333,275.133333333333
0,0.0,0.62,10316,0.07,36.36,25.29,98438,40,8.23666666666667,9.55333333333333,11.0933333333333,16.4933333333333,23.4033333333333,274.99
130551,0.87,451.04,282803,1.89,974.87,25.34,98435,40,8.21666666666667,9.51666666666667,11.0066666666667,16.3,23.1466666666667,274.066666666667
61149,0.41,212.05,202507,1.35,698.42,25.24,98435,40,8.20333333333333,9.54333333333333,11.03,16.7466666666667,23.82,273.863333333333
0,0.0,0.62,0,0.0,0.62,25.13,98432,40,8.20333333333333,9.52666666666667,11.0433333333333,16.5733333333333,23.5333333333333,273.96
0,0.0,0.62,0,0.0,0.62,25.21,98436,40,8.21666666666667,9.51,11.0266666666667,16.16,23.5833333333333,274.406666666667
62405,0.42,216.38,258901,1.73,892.48,25.16,98437,40,8.24666666666667,9.53,11.0333333333333,16.24,25.0466666666667,275.163333333333
0,0.0,0.62,50095,0.33,173.9,25.18,98431,40,8.25,9.54,11.07,16.27,25.08,275.526666666667
0,0.0,0.62,47354,0.32,164.44,25.18,98433,40,8.25,9.51333333333333,10.9966666666667,16.2033333333333,25.0066666666667,275.823333333333
0,0.0,0.62,0,0.0,0.62,25.21,98430,40,8.25666666666667,9.46666666666667,10.8933333333333,15.6966666666667,24.2566666666667,276.32
0,0.0,0.62,80842,0.54,279.94,25.26,98429,40,8.26666666666667,9.45,10.8733333333333,15.3066666666667,23.62,276.67
0,0.0,0.62,0,0.0,0.62,25.23,98429,40,8.26666666666667,9.44666666666667,10.8833333333333,15.3166666666667,23.6266666666667,276.956666666667
0,0.0,0.62,0,0.0,0.62,25.22,98426,40,8.25666666666667,9.41,10.8266666666667,15.2666666666667,23.5766666666667,277.393333333333
0,0.0,0.62,83928,0.56,290.57,25.19,98426,40,8.28666666666667,9.42333333333333,10.8133333333333,15.2533333333333,23.5566666666667,277.963333333333
0,0.0,0.62,131378,0.88,453.89,25.21,98424,40,8.30333333333333,9.46333333333333,10.91,15.36,23.69,278.303333333333
275010,1.83,947.99,404778,2.7,1397.79,25.18,98426,41,8.3,9.44333333333333,10.8966666666667,15.18,23.4133333333333,278.606666666667
0,0.0,0.62,0,0.0,0.62,25.05,98423,41,8.29666666666667,9.42666666666667,10.8966666666667,15.1633333333333,23.3866666666667,278.77
0,0.0,0.62,476,0.0,2.27,25.01,98426,41,8.30333333333333,9.57333333333333,11.1466666666667,16.56,25.8466666666667,278.97
0,0.0,0.62,0,0.0,0.62,25.03,98424,41,8.32,9.58,11.1266666666667,16.4433333333333,25.6766666666667,279.396666666667
0,0.0,0.62,132697,0.88,458.42,25.1,98424,41,8.32,9.58666666666667,11.13,16.3966666666667,25.61,279.653333333333
0,0.0,0.62,84055,0.56,291.01,25.03,98426,41,8.32,9.58666666666667,11.1266666666667,16.3766666666667,25.5833333333333,279.95
0,0.0,0.62,2630,0.02,9.74,24.99,98424,41,8.35,9.67333333333333,11.3033333333333,16.6166666666667,25.8633333333333,280.826666666667
0,0.0,0.62,0,0.0,0.62,24.95,98428,41,8.38666666666667,9.71,11.4266666666667,16.52,25.6033333333333,281.583333333333
0,0.0,0.62,7681,0.05,27.24,24.96,98430,41,8.39,9.69,11.4133333333333,16.32,25.29,282.016666666667
0,0.0,0.62,76488,0.51,264.94,24.98,98431,41,8.39333333333333,9.67666666666667,11.36,16.2466666666667,25.1966666666667,282.053333333333
102193,0.68,353.47,301460,2.01,1039.26,24.95,98425,41,8.41666666666667,9.66666666666667,11.3,16.14,25.06,282.346666666667
0,0.0,0.62,88368,0.59,305.87,24.98,98427,41,8.43,9.68333333333333,11.3433333333333,16.0333333333333,24.89,282.853333333333
0,0.0,0.62,85913,0.57,297.41,24.97,98428,41,8.44666666666667,9.70666666666667,11.3866666666667,16.0033333333333,24.8266666666667,283.483333333333
0,0.0,0.62,0,0.0,0.62,24.92,98430,41,8.45666666666667,9.71666666666667,11.4066666666667,16.0,24.8166666666667,283.77
0,0.0,0.62,127872,0.85,441.83,24.94,98429,41,8.47333333333333,9.70333333333333,11.37,15.66,24.3166666666667,284.04
0,0.0,0.62,0,0.0,0.62,24.84,98430,42,8.49666666666667,9.72,11.4066666666667,15.5733333333333,24.1666666666667,284.63
28356,0.19,98.79,57713,0.38,200.19,24.87,98432,42,8.53666666666667,9.86,11.6966666666667,16.28,25.0933333333333,285.886666666667
145835,0.97,503.6,307064,2.05,1058.62,24.87,98433,42,8.54333333333333,9.87,11.7166666666667,16.2966666666667,25.1066666666667,286.37
176705,1.18,609.72,244939,1.63,844.4,24.89,98434,42,8.55666666666667,9.91333333333333,11.6566666666667,17.2,27.33,287.016666666667
39400,0.26,136.96,160232,1.07,553.1,24.91,98433,42,8.56333333333333,9.90333333333333,11.6233333333333,17.1433333333333,27.2533333333333,287.516666666667
0,0.0,0.62,99677,0.66,344.81,24.82,98436,42,8.56333333333333,9.89,11.59,17.11,27.2233333333333,287.703333333333
0,0.0,0.62,0,0.0,0.62,24.84,98435,42,8.56666666666667,9.87666666666667,11.55,17.0733333333333,27.18,287.666666666667
18280,0.12,63.94,162277,1.08,560.13,24.88,98437,42,8.56,9.84666666666667,11.5466666666667,16.67,24.8066666666667,287.67
0,0.0,0.62,11681,0.08,41.09,24.87,98433,42,8.56666666666667,9.84666666666667,11.5633333333333,16.49,23.64,287.973333333333
0,0.0,0.62,108170,0.72,374.05,24.86,98434,42,8.56333333333333,9.89333333333333,11.7366666666667,16.96,24.2666666666667,288.43
0,0.0,0.62,196149,1.31,676.57,24.91,98434,42,8.57666666666667,9.93666666666667,11.81,17.22,24.6133333333333,288.906666666667
27653,0.18,96.36,148944,0.99,514.29,24.82,98432,42,8.57666666666667,9.92666666666667,11.8366666666667,16.7633333333333,23.9166666666667,288.993333333333
0,0.0,0.62,15362,0.1,53.84,24.81,98432,42,8.57666666666667,9.92333333333333,11.8533333333333,16.6666666666667,23.7733333333333,288.856666666667
0,0.0,0.62,0,0.0,0.62,24.84,98435,42,8.57,9.89333333333333,11.8,16.42,22.7333333333333,288.566666666667
35393,0.24,123.12,134019,0.89,462.97,24.89,98431,42,8.56333333333333,9.87333333333333,11.7866666666667,16.0966666666667,20.8766666666667,288.063333333333
0,0.0,0.62,67362,0.45,233.47,24.94,98435,42,8.54666666666667,9.87666666666667,11.7933333333333,16.2533333333333,21.1033333333333,287.47
0,0.0,0.62,50575,0.34,175.56,25.02,98432,42,8.54,9.91333333333333,11.9133333333333,16.3833333333333,21.25,286.91
0,0.0,0.62,0,0.0,0.62,25.01,98433,42,8.51333333333333,9.9,11.9433333333333,16.5266666666667,21.4566666666667,286.11
0,0.0,0.62,0,0.0,0.62,24.97,98435,42,8.51,9.91666666666667,12.0033333333333,16.65,21.6166666666667,285.333333333333
0,0.0,0.62,0,0.0,0.62,25.02,98435,42,8.50333333333333,9.91666666666667,12.0333333333333,16.78,21.8,284.823333333333
158117,1.05,545.83,260705,1.74,898.69,25.04,98431,42,8.48,9.91333333333333,12.0433333333333,16.9766666666667,22.0966666666667,284.183333333333
0,0.0,0.62,34636,0.23,120.5,25.03,98437,42,8.45666666666667,9.89666666666667,12.0266666666667,16.9633333333333,22.0866666666667,283.883333333333
0,0.0,0.62,88161,0.59,305.16,25.08,98432,42,8.46,9.90666666666667,12.0633333333333,17.01,22.1366666666667,284.223333333333
2324,0.02,8.68,235450,1.57,811.74,25.02,98436,42,8.49333333333333,9.94333333333333,12.06,17.2733333333333,22.5333333333333,284.886666666667
20248,0.13,70.75,233758,1.56,805.92,24.97,98431,42,8.51,9.98,12.0166666666667,17.6566666666667,23.49,285.26
0,0.0,0.62,104424,0.7,361.15,24.94,98433,42,8.51333333333333,9.98333333333333,11.8233333333333,18.3866666666667,25.39,285.67
0,0.0,0.62,30699,0.2,106.89,24.94,98433,42,8.52666666666667,9.94666666666667,11.9033333333333,17.4233333333333,23.4533333333333,286.08
0,0.0,0.62,68145,0.45,236.17,24.92,98430,42,8.54333333333333,9.96,11.92,17.4366666666667,23.47,286.46
221452,1.48,763.58,340612,2.27,1174.69,24.92,98428,42,8.56,9.98,11.9333333333333,17.4666666666667,23.5,287.146666666667
0,0.0,0.62,205190,1.37,707.65,25.01,98434,42,8.56666666666667,9.98,11.9233333333333,17.48,23.52,287.743333333333
80044,0.53,277.19,255309,1.7,880.11,24.99,98426,42,8.56666666666667,9.92666666666667,11.75,17.3666666666667,23.44,288.54
3197,0.02,11.7,409437,2.73,1414.06,24.95,98430,42,8.58,9.94333333333333,11.7066666666667,17.62,23.86,289.093333333333
0,0.0,0.62,121261,0.81,419.09,24.99,98422,42,8.58,9.97333333333333,11.7866666666667,17.7,23.9466666666667,289.16
67408,0.45,233.63,121894,0.81,421.27,25.04,98423,42,8.59,10.08,12.0433333333333,18.41,25.2133333333333,289.683333333333
0,0.0,0.62,0,0.0,0.62,24.97,98427,42,8.6,10.13,12.08,19.1533333333333,26.93,290.14
0,0.0,0.62,107252,0.72,370.89,24.85,98429,42,8.62,10.1466666666667,12.05,19.12,26.8833333333333,290.71
0,0.0,0.62,191237,1.27,659.68,24.72,98427,42,8.64666666666667,10.1533333333333,12.0,19.0166666666667,26.75,291.483333333333
0,0.0,0.62,18517,0.12,64.76,24.74,98431,42,8.65333333333333,10.1533333333333,11.98,19.0166666666667,26.76,291.86
0,0.0,0.62,96608,0.64,334.25,24.7,98431,42,8.64,10.14,11.97,19.4633333333333,28.1933333333333,291.85
0,0.0,0.62,281425,1.88,970.12,24.74,98433,42,8.63333333333333,10.1766666666667,11.82,21.0733333333333,32.66,291.766666666667
0,0.0,0.62,0,0.0,0.62,24.81,98435,42,8.64333333333333,10.1366666666667,11.71,20.69,32.1333333333333,292.106666666667
56674,0.38,196.61,176625,1.18,609.45,24.84,98433,42,8.67,10.23,11.84,21.5066666666667,35.38,292.716666666667
0,0.0,0.62,0,0.0,0.62,24.84,98436,42,8.69333333333333,10.2133333333333,11.8466666666667,20.7333333333333,33.3666666666667,293.196666666667
54622,0.36,189.53,130023,0.87,449.23,24.87,98434,42,8.70666666666667,10.2133333333333,11.8266666666667,20.6933333333333,33.3233333333333,294.15
0,0.0,0.62,104779,0.7,362.37,24.94,98436,42,8.73,10.2533333333333,11.8633333333333,20.8766666666667,33.59,294.706666666667
0,0.0,0.62,0,0.0,0.62,24.85,98434,42,8.74333333333333,10.3366666666667,11.9033333333333,21.6566666666667,34.79,295.49
0,0.0,0.62,0,0.0,0.62,24.85,98432,42,8.75,10.3666666666667,11.99,21.83,35.0066666666667,295.913333333333
0,0.0,0.62,0,0.0,0.62,24.75,98431,42,8.76666666666667,10.3466666666667,11.8966666666667,21.5733333333333,34.66,296.41
113349,0.76,391.87,242107,1.61,834.65,24.77,98430,42,8.78,10.34,11.8766666666667,21.4166666666667,34.43,296.94
0,0.0,0.62,0,0.0,0.62,24.85,98433,42,8.79333333333333,10.3166666666667,11.7966666666667,21.3333333333333,34.3433333333333,297.746666666667
0,0.0,0.62,0,0.0,0.62,24.85,98429,42,8.80666666666667,10.3233333333333,11.78,21.32,34.3233333333333,298.403333333333
0,0.0,0.62,2688,0.02,9.94,24.87,98432,42,8.83333333333333,10.36,11.8133333333333,21.3566666666667,34.36,299.346666666667
0,0.0,0.62,101494,0.68,351.07,24.84,98430,42,8.86,10.3766666666667,11.8433333333333,21.3133333333333,34.2833333333333,300.306666666667
0,0.0,0.62,0,0.0,0.62,24.81,98432,42,8.89,10.3766666666667,11.8166666666667,21.1366666666667,34.0266666666667,301.34
0,0.0,0.62,0,0.0,0.62,24.78,98429,42,8.92,10.37,11.7566666666667,21.0766666666667,33.9633333333333,302.503333333333
0,0.0,0.62,30042,0.2,104.62,24.8,98428,42,8.93666666666667,10.4266666666667,11.86,21.5133333333333,36.4866666666667,303.68
68941,0.46,238.92,395324,2.64,1364.82,24.7,98430,42,8.96666666666667,10.4633333333333,11.84,21.8266666666667,37.92,304.843333333333
0,0.0,0.62,76963,0.51,266.57,24.62,98429,42,8.99,10.4766666666667,11.81,21.6933333333333,37.73,306.016666666667
125765,0.84,434.58,278230,1.85,959.1,24.58,98429,42,9.02333333333333,10.48,11.79,21.4866666666667,37.42,307.28
0,0.0,0.62,140426,0.94,485.0,24.48,98428,43,9.05333333333333,10.5066666666667,11.8166666666667,21.51,37.4433333333333,308.383333333333
0,0.0,0.62,0,0.0,0.62,24.43,98423,43,9.09,10.5133333333333,11.74,21.4066666666667,37.3166666666667,309.793333333333
0,0.0,0.62,71773,0.48,248.68,24.45,98427,43,9.1,10.4866666666667,11.6733333333333,21.0633333333333,36.83,310.58
0,0.0,0.62,17324,0.12,60.63,24.42,98428,43,9.12666666666667,10.52,11.7466666666667,21.0533333333333,36.7033333333333,311.683333333333
0,0.0,0.62,144680,0.96,499.63,24.38,98424,43,9.20666666666667,10.62,11.91,21.0966666666667,36.53,314.106666666667
256092,1.71,882.8,417278,2.78,1441.46,24.27,98422,43,9.23333333333333,10.66,11.9566666666667,21.1366666666667,36.5733333333333,315.103333333333
0,0.0,0.62,60152,0.4,208.61,24.36,98419,43,9.26333333333333,10.67,11.9433333333333,21.1133333333333,36.5366666666667,315.983333333333
0,0.0,0.62,55103,0.37,191.19,24.3,98420,43,9.29333333333333,10.7033333333333,11.9733333333333,21.12,36.5333333333333,317.016666666667
0,0.0,0.62,82161,0.55,284.49,24.35,98416,43,9.31666666666667,10.7666666666667,12.02,21.5166666666667,37.17,317.626666666667
0,0.0,0.62,129452,0.86,447.26,24.31,98421,43,9.32,10.76,11.9333333333333,21.9233333333333,38.6433333333333,318.06
38077,0.25,132.39,135224,0.9,467.11,24.3,98420,43,9.34666666666667,10.7933333333333,11.96,22.1233333333333,38.92,318.21
0,0.0,0.62,3749,0.02,13.61,24.31,98420,43,9.35333333333333,10.7433333333333,11.7966666666667,22.0033333333333,41.3633333333333,318.316666666667
0,0.0,0.62,0,0.0,0.62,24.26,98422,43,9.35666666666667,10.71,11.7933333333333,21.3933333333333,39.82,318.566666666667
0,0.0,0.62,19215,0.13,67.17,24.17,98423,43,9.37,10.72,11.77,21.56,40.7633333333333,318.553333333333
0,0.0,0.62,122790,0.82,424.35,24.14,98424,43,9.36333333333333,10.7533333333333,11.84,22.0,42.77,318.41
31366,0.21,109.2,120337,0.8,415.91,24.16,98420,43,9.35666666666667,10.7533333333333,11.8666666666667,22.0266666666667,42.8,318.15
115525,0.77,399.36,441513,2.94,1526.33,24.15,98424,43,9.36666666666667,10.76,11.8533333333333,21.9966666666667,42.7566666666667,318.073333333333
0,0.0,0.62,115277,0.77,398.5,24.14,98421,43,9.39,10.77,11.8633333333333,21.54,41.31,318.416666666667
0,0.0,0.62,220358,1.47,759.81,24.21,98419,43,9.40333333333333,10.7166666666667,11.9366666666667,19.7166666666667,36.5566666666667,318.95
0,0.0,0.62,0,0.0,0.62,24.16,98417,43,9.43,10.8166666666667,11.9466666666667,21.1033333333333,39.3966666666667,319.616666666667
0,0.0,0.62,107820,0.72,372.84,24.13,98421,43,9.44333333333333,10.79,11.89,20.9066666666667,39.9133333333333,320.296666666667
0,0.0,0.62,0,0.0,0.62,24.23,98418,43,9.44333333333333,10.7866666666667,11.9333333333333,20.7933333333333,39.7166666666667,320.906666666667
0,0.0,0.62,0,0.0,0.62,24.18,98416,43,9.49666666666667,10.9166666666667,12.2433333333333,21.3533333333333,40.4133333333333,322.34
0,0.0,0.62,0,0.0,0.62,24.15,98417,43,9.51,10.95,12.4033333333333,21.4166666666667,40.4333333333333,323.046666666667
0,0.0,0.62,8965,0.06,31.69,24.12,98418,44,9.53333333333333,10.89,12.4066666666667,20.1566666666667,37.7366666666667,323.47
0,0.0,0.62,0,0.0,0.62,24.13,98417,44,9.55666666666667,10.8733333333333,12.3333333333333,19.7333333333333,36.76,324.26
0,0.0,0.62,57739,0.38,200.28,24.18,98413,44,9.57,10.9233333333333,12.5,19.83,36.8433333333333,324.573333333333
0,0.0,0.62,32970,0.22,114.74,24.27,98414,43,9.59,10.9566666666667,12.5566666666667,19.8366666666667,36.8366666666667,324.953333333333
0,0.0,0.62,0,0.0,0.62,24.19,98410,43,9.59333333333333,10.97,12.5866666666667,19.8666666666667,36.8666666666667,324.57
0,0.0,0.62,33667,0.22,117.15,24.21,98408,43,9.59333333333333,10.9966666666667,12.6433333333333,19.9233333333333,36.9233333333333,323.826666666667
0,0.0,0.62,75654,0.5,262.06,24.32,98410,43,9.58,11.0133333333333,12.7066666666667,20.0166666666667,37.0433333333333,322.58
100125,0.67,346.35,299591,2.0,1032.81,24.43,98409,43,9.53,11.0633333333333,12.81,21.76,43.61,320.22
0,0.0,0.62,0,0.0,0.62,24.32,98414,43,9.50666666666667,11.1166666666667,12.8433333333333,22.5066666666667,44.9433333333333,319.113333333333
0,0.0,0.62,0,0.0,0.62,24.26,98410,43,9.49666666666667,11.0666666666667,12.7566666666667,22.0266666666667,42.35,317.89
0,0.0,0.62,109822,0.73,379.73,24.16,98413,44,9.47,11.02,12.7633333333333,21.67,40.8533333333333,316.736666666667
0,0.0,0.62,0,0.0,0.62,24.13,98413,44,9.45333333333333,10.9966666666667,12.75,21.6533333333333,40.8433333333333,315.28
0,0.0,0.62,90530,0.6,313.32,24.2,98407,44,9.44,11.0066666666667,12.8033333333333,21.75,40.9633333333333,313.823333333333
0,0.0,0.62,75232,0.5,260.61,24.15,98407,44,9.44,11.0333333333333,12.8733333333333,21.84,41.06,313.253333333333
158623,1.06,547.56,595421,3.97,2073.67,24.22,98409,43,9.42,11.0,12.8233333333333,21.79,41.01,312.406666666667
0,0.0,0.62,2753,0.02,10.16,24.28,98407,43,9.41333333333333,11.0366666666667,12.88,22.2466666666667,41.69,311.666666666667
0,0.0,0.62,4017,0.03,14.54,24.27,98406,43,9.40333333333333,11.0133333333333,12.8766666666667,22.0466666666667,41.11,310.993333333333
0,0.0,0.62,0,0.0,0.62,24.25,98409,43,9.38,10.9233333333333,12.78,21.1133333333333,39.18,310.033333333333
0,0.0,0.62,0,0.0,0.62,24.32,98412,43,9.35333333333333,10.8866666666667,12.7633333333333,21.0933333333333,39.1633333333333,309.19
0,0.0,0.62,104645,0.7,361.91,24.31,98408,43,9.33333333333333,10.8833333333333,12.8266666666667,21.2566666666667,39.3766666666667,308.603333333333
0,0.0,0.62,101502,0.68,351.09,24.32,98404,43,9.30333333333333,10.86,12.8233333333333,21.26,39.3866666666667,307.77
67438,0.45,233.74,150153,1.0,518.45,24.39,98410,43,9.28333333333333,10.87,12.9233333333333,21.5233333333333,39.74,306.483333333333
0,0.0,0.62,10089,0.07,35.58,24.32,98410,43,9.28,10.8366666666667,12.9333333333333,21.04,38.9433333333333,305.783333333333
0,0.0,0.62,175419,1.17,605.3,24.16,98403,44,9.28333333333333,10.7933333333333,12.9433333333333,20.0833333333333,36.6566666666667,306.083333333333
0,0.0,0.62,0,0.0,0.62,24.28,98409,43,9.29,10.7833333333333,12.92,19.8866666666667,36.38,306.896666666667
0,0.0,0.62,5765,0.04,20.6,24.3,98409,43,9.31333333333333,10.8333333333333,13.0533333333333,19.6466666666667,33.1033333333333,307.803333333333
0,0.0,0.62,120848,0.81,417.67,24.32,98409,43,9.33,10.9233333333333,13.1233333333333,21.2066666666667,39.4166666666667,308.306666666667
0,0.0,0.62,131191,0.87,453.24,24.35,98409,43,9.33666666666667,10.92,13.13,21.0233333333333,38.4533333333333,308.93
44966,0.3,156.19,98674,0.66,341.36,24.34,98406,43,9.36333333333333,10.8833333333333,13.05,20.5733333333333,36.44,309.766666666667
0,0.0,0.62,206993,1.38,713.85,24.33,98408,43,9.38,10.8766666666667,12.9966666666667,20.5266666666667,36.3866666666667,310.433333333333
0,0.0,0.62,49322,0.33,171.23,24.31,98408,43,9.38666666666667,10.89,13.04,20.5966666666667,36.4833333333333,311.243333333333
0,0.0,0.62,66841,0.45,231.68,24.37,98405,43,9.39333333333333,10.9733333333333,13.24,21.2033333333333,37.3,311.843333333333
0,0.0,0.62,51722,0.34,179.52,24.38,98404,43,9.41333333333333,11.0233333333333,13.4,21.3866666666667,37.52,312.223333333333
0,0.0,0.62,27653,0.18,96.36,24.24,98400,43,9.4,10.95,13.46,20.0866666666667,34.7766666666667,311.883333333333
0,0.0,0.62,51420,0.34,178.47,24.11,98408,44,9.39333333333333,10.93,13.4066666666667,19.7233333333333,31.4833333333333,311.4
0,0.0,0.62,64928,0.43,225.08,24.15,98401,44,9.39333333333333,11.0166666666667,13.5233333333333,20.6066666666667,32.8933333333333,310.823333333333
0,0.0,0.62,127345,0.85,440.02,24.18,98395,44,9.37666666666667,11.0066666666667,13.49,20.6333333333333,32.9533333333333,310.006666666667
0,0.0,0.62,114070,0.76,394.35,24.13,98395,44,9.35,10.9333333333333,13.31,20.31,32.5466666666667,309.356666666667
0,0.0,0.62,0,0.0,0.62,24.2,98393,44,9.35,10.9,13.19,20.1333333333333,32.3333333333333,308.96
0,0.0,0.62,83512,0.56,289.14,24.21,98397,44,9.33,10.8766666666667,13.17,20.1133333333333,32.3133333333333,308.54
0,0.0,0.62,0,0.0,0.62,24.18,98397,44,9.31333333333333,10.9066666666667,13.2966666666667,20.39,32.67,308.05
18962,0.13,66.3,256466,1.71,884.09,24.16,98392,44,9.30666666666667,10.85,13.0933333333333,20.1233333333333,32.35,307.753333333333
0,0.0,0.62,0,0.0,0.62,24.16,98390,44,9.30666666666667,10.86,13.14,20.2266666666667,32.49,307.503333333333
0,0.0,0.62,10073,0.07,35.52,24.24,98393,43,9.31333333333333,10.8666666666667,13.1333333333333,20.3733333333333,33.6566666666667,307.956666666667
0,0.0,0.62,126214,0.84,436.13,24.2,98389,44,9.32333333333333,10.8833333333333,13.1366666666667,20.68,36.0066666666667,308.943333333333
0,0.0,0.62,0,0.0,0.62,24.23,98392,43,9.32666666666667,10.86,13.0733333333333,20.5833333333333,35.8933333333333,309.933333333333
39299,0.26,136.62,270097,1.8,931.06,24.23,98386,44,9.36666666666667,10.81,12.9766666666667,18.84,29.3266666666667,312.276666666667
0,0.0,0.62,0,0.0,0.62,24.17,98385,43,9.39,10.77,12.9233333333333,18.2433333333333,28.2433333333333,313.18
167552,1.12,578.26,241588,1.61,832.86,24.22,98388,44,9.39666666666667,10.7766666666667,12.8533333333333,18.47,28.6833333333333,314.053333333333
0,0.0,0.62,205567,1.37,708.95,24.22,98382,44,9.4,10.7566666666667,12.77,18.3533333333333,28.5433333333333,314.79
0,0.0,0.62,36197,0.24,125.9,24.14,98383,44,9.40333333333333,10.7833333333333,12.78,18.9333333333333,31.4733333333333,315.513333333333
0,0.0,0.62,7442,0.05,26.41,24.08,98384,44,9.42,10.82,12.8833333333333,19.0033333333333,31.5366666666667,316.933333333333
0,0.0,0.62,8342,0.06,29.53,24.15,98380,44,9.41,10.7966666666667,12.8166666666667,18.9166666666667,31.4366666666667,316.746666666667
0,0.0,0.62,0,0.0,0.62,24.16,98380,44,9.38,10.8033333333333,12.89,19.04,31.5933333333333,316.223333333333
0,0.0,0.62,0,0.0,0.62,24.19,98379,44,9.36333333333333,10.7433333333333,12.81,18.5633333333333,30.8966666666667,316.156666666667
0,0.0,0.62,0,0.0,0.62,24.19,98381,44,9.34333333333333,10.6866666666667,12.72,18.25,30.4566666666667,315.783333333333
180077,1.2,621.31,344543,2.3,1188.32,24.15,98374,44,9.33333333333333,10.67,12.6633333333333,18.1833333333333,30.38,315.643333333333
0,0.0,0.62,211913,1.41,730.77,24.08,98373,44,9.31,10.6833333333333,12.6,18.8033333333333,31.5766666666667,315.433333333333
58294,0.39,202.2,108469,0.72,375.07,24.06,98374,44,9.30666666666667,10.6966666666667,12.6433333333333,18.8766666666667,31.6666666666667,315.106666666667
11525,0.08,40.55,267819,1.79,923.21,24.06,98379,44,9.29666666666667,10.7133333333333,12.64,19.37,35.27,314.643333333333
0,0.0,0.62,0,0.0,0.62,24.07,98372,44,9.3,10.7066666666667,12.5666666666667,19.2733333333333,35.15,314.68
139350,0.93,481.3,185344,1.24,639.42,24.07,98375,44,9.27,10.7066666666667,12.6033333333333,19.3066666666667,35.1933333333333,313.39
0,0.0,0.62,0,0.0,0.62,24.08,98369,44,9.23666666666667,10.65,12.5033333333333,19.2133333333333,35.09,312.163333333333
0,0.0,0.62,61789,0.41,214.25,24.12,98371,44,9.20333333333333,10.5866666666667,12.3033333333333,19.33,35.4066666666667,310.95
0,0.0,0.62,85602,0.57,296.34,24.07,98368,44,9.18,10.51,12.2066666666667,18.04,29.53,310.186666666667
0,0.0,0.62,110333,0.74,381.49,24.14,98368,44,9.15666666666667,10.4866666666667,12.1766666666667,18.01,29.5066666666667,309.383333333333
0,0.0,0.62,71594,0.48,248.07,24.06,98370,44,9.11666666666667,10.48,12.1266666666667,18.8933333333333,31.8866666666667,307.993333333333
0,0.0,0.62,0,0.0,0.62,23.94,98365,44,9.07666666666667,10.45,12.0866666666667,19.04,32.8166666666667,306.97
0,0.0,0.62,0,0.0,0.62,23.8,98369,44,9.04666666666667,10.4366666666667,12.02,19.46,34.8733333333333,305.86
0,0.0,0.62,0,0.0,0.62,23.84,98363,44,9.0,10.3366666666667,11.8133333333333,19.1433333333333,34.5033333333333,304.426666666667
0,0.0,0.62,0,0.0,0.62,23.88,98364,44,8.95333333333333,10.2633333333333,11.6366666666667,19.0066666666667,34.36,302.893333333333
0,0.0,0.62,0,0.0,0.62,23.88,98363,44,8.94,10.2466666666667,11.6433333333333,18.94,34.1933333333333,302.61
0,0.0,0.62,20830,0.14,72.76,23.83,98370,44,8.93333333333333,10.19,11.5033333333333,18.8066666666667,36.77,302.523333333333
216890,1.45,747.89,399628,2.66,1379.83,23.86,98367,44,8.92333333333333,10.2266666666667,11.48,19.6866666666667,38.5766666666667,302.403333333333
0,0.0,0.62,0,0.0,0.62,23.85,98372,44,8.92,10.3066666666667,11.5,20.9,40.9366666666667,302.466666666667
0,0.0,0.62,132663,0.88,458.31,23.86,98366,44,8.90333333333333,10.3633333333333,11.5033333333333,21.9166666666667,42.9566666666667,302.126666666667
0,0.0,0.62,7912,0.05,28.04,23.79,98367,44,8.91,10.41,11.61,22.1233333333333,43.2166666666667,302.276666666667
0,0.0,0.62,0,0.0,0.62,23.83,98368,44,8.90666666666667,10.3633333333333,11.49,21.8533333333333,42.87,301.993333333333
0,0.0,0.62,106540,0.71,368.44,23.85,98365,44,8.89333333333333,10.3466666666667,11.4666666666667,21.8266666666667,42.84,301.67
0,0.0,0.62,169915,1.13,586.38,23.87,98358,44,8.86333333333333,10.2866666666667,11.3533333333333,21.6533333333333,42.6333333333333,301.13
0,0.0,0.62,18349,0.12,64.18,23.87,98367,44,8.83,10.2466666666667,11.3066666666667,21.4533333333333,41.4033333333333,300.236666666667
78118,0.52,270.55,273755,1.83,943.67,23.88,98360,44,8.81,10.19,11.2266666666667,21.0766666666667,38.9766666666667,299.476666666667
137304,0.92,474.27,363810,2.43,1255.17,23.81,98363,45,8.81333333333333,10.2033333333333,11.2633333333333,21.21,39.1566666666667,299.413333333333
0,0.0,0.62,45587,0.3,158.33,23.8,98365,45,8.80333333333333,10.2066666666667,11.28,21.4233333333333,39.4866666666667,299.016666666667
0,0.0,0.62,89304,0.6,309.09,23.8,98366,45,8.77666666666667,10.2033333333333,11.2666666666667,21.7133333333333,39.9466666666667,298.33
88499,0.59,306.32,233889,1.56,806.37,23.75,98366,45,8.76333333333333,10.2066666666667,11.3033333333333,21.8866666666667,40.92,298.273333333333
101752,0.68,351.96,217266,1.45,749.18,23.77,98368,45,8.77333333333333,10.2666666666667,11.4066666666667,22.4566666666667,43.2233333333333,298.456666666667
0,0.0,0.62,172919,1.15,596.71,23.78,98367,45,8.75666666666667,10.37,11.5866666666667,23.85,45.92,298.16
136757,0.91,472.39,211537,1.41,729.48,23.65,98370,45,8.77,10.4333333333333,11.78,23.9666666666667,44.2366666666667,298.273333333333
233956,1.56,806.6,370287,2.47,1277.67,23.66,98367,45,8.75333333333333,10.3766666666667,11.6266666666667,23.81,44.0633333333333,297.476666666667
0,0.0,0.62,79211,0.53,274.32,23.72,98364,45,8.75,10.39,11.6366666666667,24.1833333333333,44.88,297.51
0,0.0,0.62,0,0.0,0.62,23.68,98366,45,8.75333333333333,10.4933333333333,11.5766666666667,26.2066666666667,50.12,297.506666666667
0,0.0,0.62,38934,0.26,135.35,23.76,98370,45,8.71666666666667,10.4966666666667,11.5233333333333,26.9066666666667,53.1433333333333,296.263333333333
57508,0.38,199.48,138383,0.92,477.98,23.77,98368,45,8.68333333333333,10.5066666666667,11.5566666666667,27.12,53.49,295.43
0,0.0,0.62,2335,0.02,8.71,23.76,98368,45,8.69333333333333,10.5066666666667,11.5833333333333,26.7533333333333,52.78,295.396666666667
0,0.0,0.62,261745,1.74,902.28,23.74,98366,45,8.69666666666667,10.4833333333333,11.5133333333333,26.56,52.5233333333333,295.303333333333
0,0.0,0.62,110289,0.74,381.34,23.72,98366,45,8.71666666666667,10.51,11.5333333333333,26.9233333333333,51.3266666666667,295.726666666667
0,0.0,0.62,15516,0.1,54.37,23.71,98369,45,8.71666666666667,10.59,11.78,27.32,51.82,295.9
0,0.0,0.62,19628,0.13,68.6,23.76,98368,45,8.70666666666667,10.5866666666667,11.75,27.2533333333333,51.74,295.476666666667
0,0.0,0.62,0,0.0,0.62,23.79,98369,45,8.72333333333333,10.6,11.7566666666667,27.45,52.03,295.776666666667
0,0.0,0.62,0,0.0,0.62,23.74,98366,45,8.74,10.6466666666667,11.8233333333333,27.5166666666667,52.0966666666667,295.85
0,0.0,0.62,118346,0.79,409.06,23.78,98368,45,8.73333333333333,10.62,11.8333333333333,27.0733333333333,51.3766666666667,295.523333333333
0,0.0,0.62,3000,0.02,11.02,23.83,98365,45,8.73,10.58,11.7933333333333,26.6466666666667,50.7333333333333,295.25
107447,0.72,371.56,426441,2.84,1473.51,23.79,98365,45,8.79,10.69,11.9233333333333,27.1,51.3633333333333,297.233333333333
0,0.0,0.62,51248,0.34,177.88,23.79,98362,45,9.0,10.9,12.24,26.69,49.5766666666667,303.71
135320,0.9,467.44,180116,1.2,621.45,23.78,98362,45,9.06,10.9566666666667,12.3166666666667,26.5766666666667,48.6733333333333,304.9
0,0.0,0.62,13540,0.09,47.53,23.78,98365,45,9.08333333333333,10.9933333333333,12.4633333333333,26.35,46.8766666666667,305.516666666667
0,0.0,0.62,93359,0.62,323.06,23.76,98362,44,9.11,11.0433333333333,12.5066666666667,26.5966666666667,47.2333333333333,306.23
0,0.0,0.62,38800,0.26,134.89,23.76,98362,44,9.12333333333333,11.05,12.4833333333333,26.5466666666667,47.1633333333333,306.77
0,0.0,0.62,0,0.0,0.62,23.78,98359,44,9.13666666666667,11.0633333333333,12.5066666666667,26.6166666666667,47.26,307.013333333333
0,0.0,0.62,226097,1.51,779.56,23.73,98363,44,9.14,11.05,12.4933333333333,26.4233333333333,46.97,306.893333333333
49739,0.33,172.67,212284,1.42,732.04,23.64,98363,44,9.13333333333333,10.99,12.4066666666667,25.7033333333333,43.1033333333333,306.666666666667
0,0.0,0.62,0,0.0,0.62,23.63,98363,44,9.13,10.96,12.4466666666667,25.22,41.9733333333333,306.55
0,0.0,0.62,48195,0.32,167.34,23.65,98357,44,9.12,10.9033333333333,12.4666666666667,24.43,40.27,306.186666666667
0,0.0,0.62,63467,0.42,220.04,23.65,98360,44,9.11666666666667,10.85,12.4466666666667,23.5666666666667,38.5066666666667,305.943333333333
0,0.0,0.62,18297,0.12,64.0,23.55,98361,44,9.13333333333333,10.84,12.3833333333333,23.4033333333333,38.29,305.953333333333
0,0.0,0.62,0,0.0,0.62,23.54,98357,44,9.15,10.8933333333333,12.46,23.7933333333333,38.8433333333333,306.036666666667
0,0.0,0.62,0,0.0,0.62,23.59,98356,44,9.15666666666667,10.9166666666667,12.5166666666667,23.8733333333333,38.94,306.106666666667
0,0.0,0.62,111304,0.74,384.83,23.56,98357,43,9.16333333333333,10.92,12.52,23.8766666666667,38.94,305.96
0,0.0,0.62,0,0.0,0.62,23.47,98353,43,9.19,10.9466666666667,12.5433333333333,23.9033333333333,38.9666666666667,306.436666666667
0,0.0,0.62,75324,0.5,260.92,23.51,98355,43,9.20666666666667,10.9666666666667,12.5666666666667,23.9233333333333,38.9866666666667,306.726666666667
5866,0.04,20.95,169490,1.13,584.92,23.58,98357,43,9.18,10.9133333333333,12.4633333333333,23.7233333333333,38.74,306.113333333333
125765,0.84,434.58,316126,2.11,1089.94,23.62,98356,43,9.15333333333333,10.88,12.4333333333333,23.5,38.4066666666667,305.403333333333
0,0.0,0.62,956,0.01,3.93,23.59,98349,43,9.18666666666667,10.8933333333333,12.4566666666667,23.22,37.9533333333333,305.92
0,0.0,0.62,22385,0.15,78.14,23.56,98353,43,9.21,10.8766666666667,12.4033333333333,22.8533333333333,36.6633333333333,306.14
0,0.0,0.62,0,0.0,0.62,23.57,98352,43,9.21333333333333,10.85,12.3166666666667,22.6866666666667,35.4133333333333,305.956666666667
0,0.0,0.62,0,0.0,0.62,23.54,98350,43,9.22666666666667,10.7866666666667,12.1633333333333,21.9933333333333,35.9233333333333,306.15
0,0.0,0.62,139529,0.93,481.92,23.52,98354,43,9.25333333333333,10.7566666666667,12.0366666666667,21.53,35.9333333333333,306.413333333333
172072,1.15,593.8,364885,2.43,1258.9,23.53,98345,43,9.26333333333333,10.7633333333333,12.0333333333333,21.5266666666667,35.9333333333333,306.813333333333
92411,0.62,319.79,143422,0.96,495.3,23.51,98349,43,9.26666666666667,10.7466666666667,12.0266666666667,21.2566666666667,35.2766666666667,306.936666666667
0,0.0,0.62,0,0.0,0.62,23.47,98346,43,9.28333333333333,10.6866666666667,12.11,19.42,30.2933333333333,307.016666666667
0,0.0,0.62,103798,0.69,359.0,23.45,98348,43,9.28666666666667,10.67,12.1566666666667,18.8666666666667,27.5133333333333,307.213333333333
0,0.0,0.62,53188,0.35,184.58,23.46,98347,43,9.34666666666667,10.72,12.2166666666667,18.7733333333333,27.3333333333333,308.37
0,0.0,0.62,61693,0.41,213.92,23.46,98342,43,9.38666666666667,10.7333333333333,12.2433333333333,18.66,27.1133333333333,309.083333333333
27140,0.18,94.59,292120,1.95,1007.02,23.43,98349,43,9.39333333333333,10.7566666666667,12.3033333333333,18.9233333333333,27.6533333333333,309.616666666667
0,0.0,0.62,0,0.0,0.62,23.42,98343,43,9.41,10.8133333333333,12.2966666666667,19.8866666666667,29.6,310.003333333333
0,0.0,0.62,0,0.0,0.62,23.43,98344,43,9.40666666666667,10.7566666666667,12.24,18.9833333333333,27.1433333333333,310.42
0,0.0,0.62,72079,0.48,249.74,23.45,98343,43,9.40333333333333,10.7133333333333,12.1166666666667,18.7666666666667,26.87,310.556666666667
0,0.0,0.62,54495,0.36,189.09,23.47,98343,43,9.40666666666667,10.6733333333333,12.0433333333333,18.59,26.6366666666667,310.986666666667
0,0.0,0.62,1559,0.01,6.02,23.45,98343,43,9.39666666666667,10.6233333333333,11.9633333333333,18.3133333333333,26.2633333333333,310.65
0,0.0,0.62,65688,0.44,227.7,23.48,98339,43,9.38,10.5833333333333,11.9033333333333,18.26,26.2066666666667,310.396666666667
0,0.0,0.62,54207,0.36,188.09,23.52,98344,42,9.35333333333333,10.56,11.91,18.2666666666667,26.22,309.78
0,0.0,0.62,1616,0.01,6.22,23.49,98339,42,9.28666666666667,10.4433333333333,11.77,17.8066666666667,25.58,307.39
0,0.0,0.62,0,0.0,0.62,23.54,98343,42,9.07,10.2,11.47,17.3,24.9533333333333,300.51
0,0.0,0.62,3810,0.03,13.83,23.52,98340,42,8.99666666666667,10.14,11.4566666666667,17.2866666666667,24.9466666666667,298.563333333333
0,0.0,0.62,0,0.0,0.62,23.48,98337,42,8.96666666666667,10.0666666666667,11.3066666666667,16.9933333333333,24.58,297.573333333333
0,0.0,0.62,0,0.0,0.62,23.53,98343,42,8.94333333333333,9.99333333333333,11.21,16.41,23.72,296.666666666667
0,0.0,0.62,56987,0.38,197.69,23.53,98341,42,8.91333333333333,9.97,11.1433333333333,16.7933333333333,27.1733333333333,295.636666666667
0,0.0,0.62,111801,0.75,386.54,23.55,98342,42,8.88,9.91666666666667,11.0433333333333,16.6133333333333,26.9533333333333,294.783333333333
0,0.0,0.62,0,0.0,0.62,23.54,98345,42,8.88,9.92333333333333,11.0766666666667,16.6866666666667,27.0466666666667,295.076666666667
0,0.0,0.62,117539,0.78,406.28,23.59,98347,42,8.87333333333333,9.91,11.1,16.53,26.7666666666667,294.956666666667
205219,1.37,707.75,268159,1.79,924.38,23.51,98346,42,8.87666666666667,9.85,10.97,15.8466666666667,25.7233333333333,294.876666666667
0,0.0,0.62,79610,0.53,275.7,23.54,98344,42,8.88,9.82666666666667,10.9766666666667,15.4733333333333,25.12,294.786666666667
0,0.0,0.62,105194,0.7,363.8,23.59,98346,42,8.88666666666667,9.81666666666667,10.96,15.29,24.83,294.93
0,0.0,0.62,137351,0.92,474.43,23.63,98342,42,8.86,9.80333333333333,10.9733333333333,15.3966666666667,24.9766666666667,294.683333333333
119828,0.8,414.16,160100,1.07,552.64,23.65,98350,42,8.84666666666667,9.79,10.9666666666667,15.51,27.0566666666667,294.81
0,0.0,0.62,0,0.0,0.62,23.69,98350,42,8.85333333333333,9.81,11.0166666666667,15.7966666666667,28.4066666666667,294.866666666667
0,0.0,0.62,6113,0.04,21.81,23.68,98347,42,8.84,9.8,11.01,15.86,28.51,295.103333333333
0,0.0,0.62,72534,0.48,251.31,23.66,98352,41,8.83333333333333,9.86666666666667,11.1733333333333,16.45,29.3166666666667,294.79
0,0.0,0.62,116228,0.77,401.77,23.71,98353,41,8.81333333333333,9.88,11.2166666666667,16.6933333333333,29.6666666666667,294.186666666667
0,0.0,0.62,40194,0.27,139.71,23.71,98352,41,8.82666666666667,9.90666666666667,11.2866666666667,16.7666666666667,29.7433333333333,294.21
294367,1.96,1014.77,465002,3.1,1608.88,23.68,98351,41,8.84333333333333,9.91333333333333,11.2833333333333,16.7733333333333,29.7666666666667,294.15
0,0.0,0.62,0,0.0,0.62,23.69,98350,41,8.80666666666667,9.88,11.2733333333333,16.7933333333333,29.7933333333333,293.203333333333
174340,1.16,601.59,278414,1.86,959.73,23.62,98346,41,8.77,9.84333333333333,11.2666666666667,16.3133333333333,28.5733333333333,291.733333333333
0,0.0,0.62,117583,0.78,406.44,23.57,98344,42,8.75,9.81333333333333,11.2933333333333,15.9966666666667,25.9166666666667,291.076666666667
0,0.0,0.62,129772,0.87,448.36,23.61,98341,42,8.72666666666667,9.77666666666667,11.2633333333333,15.8233333333333,24.72,290.25
0,0.0,0.62,41564,0.28,144.44,23.61,98343,41,8.70666666666667,9.80333333333333,11.3433333333333,16.2933333333333,25.4033333333333,289.366666666667
0,0.0,0.62,650,0.0,2.87,23.59,98345,41,8.68,9.8,11.4233333333333,16.3466666666667,25.4533333333333,288.783333333333
0,0.0,0.62,7093,0.05,25.2,23.65,98342,41,8.65666666666667,9.75,11.3766666666667,16.18,25.2166666666667,288.233333333333
0,0.0,0.62,84029,0.56,290.92,23.68,98343,41,8.64666666666667,9.75,11.3666666666667,16.17,25.2,287.666666666667
0,0.0,0.62,189793,1.27,654.71,23.67,98343,42,8.63333333333333,9.74333333333333,11.3633333333333,16.1633333333333,25.1933333333333,287.083333333333
0,0.0,0.62,71435,0.48,247.52,23.6,98344,42,8.61,9.70333333333333,11.2866666666667,16.05,25.0666666666667,286.703333333333
0,0.0,0.62,179592,1.2,619.65,23.61,98347,41,8.56333333333333,9.60666666666667,11.1633333333333,15.3633333333333,23.84,285.53
0,0.0,0.62,58231,0.39,201.98,23.64,98336,41,8.54,9.52333333333333,11.0766666666667,14.43,21.97,284.54
0,0.0,0.62,0,0.0,0.62,23.63,98337,41,8.51666666666667,9.54333333333333,11.16,14.7566666666667,22.44,283.16
0,0.0,0.62,118228,0.79,408.65,23.6,98340,41,8.50666666666667,9.53666666666667,11.12,14.8166666666667,22.55,282.6
0,0.0,0.62,17408,0.12,60.92,23.59,98340,41,8.50666666666667,9.53666666666667,11.1166666666667,14.89,22.6533333333333,282.143333333333
0,0.0,0.62,56309,0.38,195.35,23.57,98340,41,8.49666666666667,9.57666666666667,11.23,15.2466666666667,23.14,282.083333333333
0,0.0,0.62,103116,0.69,356.65,23.52,98340,42,8.49666666666667,9.61,11.3233333333333,15.4766666666667,23.4566666666667,282.086666666667
0,0.0,0.62,0,0.0,0.62,23.52,98340,41,8.48666666666667,9.61333333333334,11.2933333333333,15.6866666666667,23.79,281.926666666667
0,0.0,0.62,5566,0.04,19.91,23.51,98336,41,8.48666666666667,9.62333333333333,11.32,15.7166666666667,23.82,281.896666666667
0,0.0,0.62,78203,0.52,270.85,23.52,98342,41,8.47333333333333,9.63333333333333,11.3733333333333,15.7633333333333,23.8733333333333,281.986666666667
0,0.0,0.62,63065,0.42,218.66,23.52,98342,41,8.47666666666667,9.64333333333333,11.4266666666667,15.86,23.99,282.446666666667
78193,0.52,270.81,261372,1.74,900.99,23.51,98347,41,8.48666666666667,9.67666666666667,11.5233333333333,15.9933333333333,24.15,283.023333333333
0,0.0,0.62,112455,0.75,388.79,23.4,98340,41,8.49666666666667,9.69333333333333,11.54,16.0033333333333,24.1566666666667,282.98
272372,1.82,938.9,656757,4.38,2296.86,23.42,98344,41,8.49,9.71,11.6233333333333,16.12,24.2966666666667,283.216666666667
0,0.0,0.62,140215,0.93,484.28,23.4,98341,41,8.49666666666667,9.70333333333333,11.6366666666667,15.6866666666667,20.7933333333333,283.61
0,0.0,0.62,1932,0.01,7.32,23.42,98345,41,8.49333333333333,9.69333333333333,11.61,15.64,20.7366666666667,283.57
0,0.0,0.62,0,0.0,0.62,23.44,98343,41,8.45,9.65333333333333,11.5533333333333,15.54,20.61,281.94
0,0.0,0.62,97639,0.65,337.8,23.41,98347,41,8.4,9.62666666666667,11.5366666666667,15.5233333333333,20.5966666666667,280.71
0,0.0,0.62,197271,1.32,680.42,23.44,98340,41,8.36666666666667,9.58,11.4666666666667,15.4533333333333,20.52,279.81
0,0.0,0.62,0,0.0,0.62,23.4,98339,41,8.32666666666667,9.55,11.46,15.44,20.5133333333333,278.696666666667
0,0.0,0.62,119791,0.8,414.03,23.35,98345,41,8.28666666666667,9.55,11.3766666666667,15.9933333333333,21.6066666666667,277.423333333333
0,0.0,0.62,12683,0.08,44.56,23.34,98343,41,8.25666666666667,9.49333333333333,11.31,15.51,19.0133333333333,276.06
0,0.0,0.62,32227,0.21,112.18,23.34,98342,41,8.21333333333333,9.42333333333333,11.1866666666667,15.1433333333333,17.5666666666667,274.926666666667
0,0.0,0.62,77032,0.51,266.81,23.33,98345,41,8.19666666666667,9.42333333333333,11.1966666666667,15.0733333333333,17.4633333333333,273.706666666667
0,0.0,0.62,138536,0.92,478.5,23.26,98340,41,8.18,9.33333333333333,11.0033333333333,14.4566666666667,16.63,272.926666666667
0,0.0,0.62,10605,0.07,37.37,23.16,98337,41,8.15666666666667,9.30666666666667,11.0,14.33,16.4366666666667,272.33
0,0.0,0.62,15048,0.1,52.75,23.19,98337,42,8.13,9.26666666666667,10.9466666666667,14.31,16.42,271.73
0,0.0,0.62,0,0.0,0.62,23.24,98334,41,8.10333333333333,9.26,10.96,14.37,16.51,271.016666666667
161115,1.07,556.13,279693,1.86,964.14,23.25,98340,41,8.08666666666667,9.24333333333333,10.9,14.48,16.7466666666667,270.423333333333
0,0.0,0.62,182043,1.21,628.07,23.28,98341,41,8.06333333333333,9.26,10.9233333333333,14.9433333333333,17.5266666666667,270.013333333333
58786,0.39,203.89,345669,2.3,1192.22,23.31,98341,41,8.03666666666667,9.24333333333333,11.0033333333333,14.8266666666667,17.31,269.446666666667
0,0.0,0.62,26776,0.18,93.33,23.31,98341,41,7.97333333333333,9.18,10.88,14.73,17.2333333333333,267.993333333333
0,0.0,0.62,72892,0.49,252.54,23.29,98340,41,7.95333333333333,9.15,10.8633333333333,14.33,16.6333333333333,267.456666666667
0,0.0,0.62,49974,0.33,173.48,23.27,98335,41,7.93,9.10333333333333,10.7533333333333,14.1333333333333,16.39,266.733333333333
0,0.0,0.62,0,0.0,0.62,23.26,98332,41,7.89666666666667,9.04333333333333,10.64,13.9333333333333,16.1433333333333,265.723333333333
0,0.0,0.62,0,0.0,0.62,23.19,98330,41,7.86,9.00333333333333,10.5766666666667,14.1766666666667,16.8833333333333,264.603333333333
0,0.0,0.62,0,0.0,0.62,23.2,98333,41,7.81666666666667,9.02,10.5366666666667,15.25,19.27,263.526666666667
0,0.0,0.62,0,0.0,0.62,23.12,98328,41,7.79333333333333,9.01,10.5433333333333,15.26,19.28,262.573333333333
0,0.0,0.62,0,0.0,0.62,23.18,98329,41,7.77,8.97666666666667,10.4866666666667,15.1966666666667,19.2166666666667,261.5
0,0.0,0.62,0,0.0,0.62,23.19,98327,41,7.74333333333333,8.95666666666667,10.52,15.1333333333333,19.1066666666667,260.65
0,0.0,0.62,54826,0.37,190.23,23.26,98332,41,7.71666666666667,8.91,10.4533333333333,14.82,18.6533333333333,260.103333333333
0,0.0,0.62,80152,0.53,277.56,23.18,98327,40,7.68666666666667,8.88666666666666,10.45,14.6566666666667,18.4166666666667,259.456666666667
142423,0.95,491.87,303607,2.02,1046.68,23.17,98326,41,7.65333333333333,8.86666666666667,10.47,14.6933333333333,18.46,258.626666666667
0,0.0,0.62,41209,0.27,143.21,23.14,98327,40,7.63,8.81,10.37,14.39,18.05,257.83
0,0.0,0.62,0,0.0,0.62,23.17,98330,40,7.60333333333333,8.74,10.2366666666667,14.1133333333333,17.69,256.656666666667
0,0.0,0.62,0,0.0,0.62,23.19,98325,40,7.57333333333333,8.73666666666667,10.2666666666667,14.4133333333333,18.1333333333333,255.49
0,0.0,0.62,0,0.0,0.62,23.15,98324,40,7.54,8.70666666666667,10.21,14.4966666666667,18.2833333333333,254.403333333333
0,0.0,0.62,5959,0.04,21.27,23.15,98325,40,7.51333333333333,8.65666666666667,10.12,14.4066666666667,18.19,253.236666666667
0,0.0,0.62,78630,0.52,272.32,23.17,98324,40,7.49666666666667,8.68333333333333,10.17,14.64,18.51,252.533333333333
0,0.0,0.62,68649,0.46,237.91,23.22,98320,40,7.47,8.65,9.99666666666667,15.0666666666667,19.7866666666667,251.316666666667
0,0.0,0.62,178742,1.19,616.72,23.24,98319,40,7.44333333333333,8.63333333333333,9.95666666666667,15.35,20.5066666666667,250.433333333333
0,0.0,0.62,0,0.0,0.62,23.23,98322,40,7.42,8.60666666666667,9.89333333333333,15.2533333333333,20.3933333333333,249.423333333333
0,0.0,0.62,0,0.0,0.62,23.26,98323,40,7.38333333333333,8.59333333333333,9.91333333333333,15.27,20.4133333333333,248.22
187994,1.25,648.53,335015,2.23,1155.3,23.21,98320,40,7.36666666666667,8.59666666666667,9.93333333333333,15.29,20.4366666666667,247.326666666667
343821,2.29,1185.81,686736,4.58,2407.21,23.23,98319,40,7.34333333333333,8.57333333333333,9.92333333333333,15.29,20.4466666666667,246.803333333333
0,0.0,0.62,150480,1.0,519.57,23.13,98316,40,7.32,8.55333333333333,9.93333333333333,15.31,20.47,246.13
52313,0.35,181.56,331397,2.21,1142.78,23.2,98321,40,7.32,8.58333333333333,10.0166666666667,15.3933333333333,20.5633333333333,246.176666666667
0,0.0,0.62,231640,1.54,798.63,23.24,98318,40,7.3,8.56333333333333,9.98666666666667,15.3633333333333,20.5366666666667,245.64
127252,0.85,439.7,171370,1.14,591.38,23.27,98317,40,7.28333333333333,8.54333333333333,9.97333333333333,15.4066666666667,20.6033333333333,245.126666666667
0,0.0,0.62,14241,0.09,49.96,23.26,98316,40,7.27666666666667,8.48666666666667,9.98,14.72,19.3433333333333,244.583333333333
207338,1.38,715.04,255748,1.7,881.62,23.23,98316,40,7.26,8.45,9.9,14.62,19.2266666666667,244.083333333333
118813,0.79,410.67,163164,1.09,563.17,23.24,98311,40,7.23333333333333,8.41666666666667,9.84333333333333,14.5533333333333,19.1533333333333,243.433333333333
0,0.0,0.62,111894,0.75,386.86,23.26,98313,40,7.21333333333333,8.38,9.81666666666667,14.5433333333333,19.1533333333333,243.076666666667
0,0.0,0.62,19004,0.13,66.44,23.23,98309,40,7.18,8.36,9.82666666666667,14.5966666666667,19.2266666666667,242.396666666667
0,0.0,0.62,260485,1.74,897.94,23.29,98309,40,7.15,8.3,9.68333333333333,14.3433333333333,18.9166666666667,241.973333333333
0,0.0,0.62,0,0.0,0.62,23.34,98310,40,7.15,8.29333333333333,9.61333333333333,14.5366666666667,21.3466666666667,242.103333333333
149138,0.99,514.96,374331,2.5,1291.73,23.27,98307,40,7.13666666666667,8.27,9.58,14.48,22.2833333333333,241.926666666667
0,0.0,0.62,0,0.0,0.62,23.28,98312,40,7.11333333333333,8.21666666666667,9.56666666666667,14.0433333333333,21.55,241.433333333333
0,0.0,0.62,64246,0.43,222.73,23.27,98307,40,7.11,8.18666666666667,9.44333333333333,14.0966666666667,21.69,241.113333333333
0,0.0,0.62,1776,0.01,6.78,23.23,98305,40,7.10333333333333,8.17666666666667,9.40333333333333,14.18,21.8333333333333,241.01
0,0.0,0.62,0,0.0,0.62,23.24,98310,40,7.10333333333333,8.14333333333333,9.37,13.7866666666667,21.2466666666667,240.833333333333
73437,0.49,254.42,305822,2.04,1054.33,23.15,98308,40,7.08,8.11333333333333,9.30666666666667,13.7233333333333,21.18,240.223333333333
57672,0.38,200.05,158863,1.06,548.39,23.21,98309,40,7.06333333333333,8.13333333333333,9.39333333333333,13.8066666666667,21.27,239.643333333333
0,0.0,0.62,0,0.0,0.62,23.13,98304,40,7.04333333333333,8.14666666666667,9.49,13.93,21.4166666666667,238.843333333333
0,0.0,0.62,102706,0.68,355.24,23.19,98306,40,7.02666666666667,8.13666666666667,9.55666666666667,13.7266666666667,20.7466666666667,238.15
0,0.0,0.62,0,0.0,0.62,23.23,98303,40,7.00333333333333,8.06666666666667,9.59333333333333,12.65,18.3733333333333,237.376666666667
0,0.0,0.62,46587,0.31,161.79,23.23,98303,40,6.98666666666667,8.08333333333333,9.63,13.5366666666667,21.19,236.563333333333
0,0.0,0.62,88171,0.59,305.19,23.22,98298,40,6.96333333333333,8.09333333333333,9.63666666666667,13.96,22.5833333333333,235.776666666667
0,0.0,0.62,5753,0.04,20.56,23.26,98301,40,6.93333333333333,8.06,9.58,13.8966666666667,22.5133333333333,234.816666666667
83734,0.56,289.91,235175,1.57,810.79,23.3,98302,40,6.90333333333333,8.01,9.50666666666667,13.8333333333333,22.4566666666667,233.86
24608,0.16,85.83,174322,1.16,601.53,23.32,98305,40,6.88,7.94666666666667,9.37333333333333,13.7,22.3133333333333,232.613333333333
0,0.0,0.62,46836,0.31,162.65,23.33,98299,40,6.84,7.97333333333333,9.31333333333333,14.8,24.71,231.43
0,0.0,0.62,0,0.0,0.62,23.3,98302,40,6.82,7.96,9.29666666666667,14.74,24.63,230.526666666667
0,0.0,0.62,0,0.0,0.62,23.26,98301,40,6.81,7.99,9.33333333333333,15.1466666666667,26.6,230.33
0,0.0,0.62,95480,0.64,330.36,23.24,98303,40,6.81333333333333,7.96,9.29,14.7833333333333,26.75,230.706666666667
0,0.0,0.62,0,0.0,0.62,23.24,98299,40,6.82333333333333,7.96,9.28,14.6433333333333,26.5366666666667,230.953333333333
0,0.0,0.62,22217,0.15,77.56,23.23,98293,40,6.82333333333333,7.99333333333333,9.36,14.7166666666667,26.6233333333333,231.066666666667
0,0.0,0.62,0,0.0,0.62,23.12,98298,40,6.80666666666667,7.92,9.21666666666667,14.3566666666667,26.14,230.866666666667
40636,0.27,141.23,293888,1.96,1013.12,23.13,98299,40,6.79,7.95,9.24666666666667,15.0966666666667,29.7666666666667,230.663333333333
0,0.0,0.62,51249,0.34,177.88,23.03,98298,41,6.78333333333333,7.95666666666667,9.28,15.1833333333333,29.62,230.223333333333
0,0.0,0.62,1259,0.01,4.98,23.08,98296,41,6.77,7.94333333333333,9.27333333333333,15.1833333333333,29.62,230.116666666667
0,0.0,0.62,0,0.0,0.62,23.07,98297,41,6.76,7.92,9.23666666666667,15.1466666666667,29.5866666666667,230.22
0,0.0,0.62,0,0.0,0.62,23.05,98291,41,6.75333333333333,7.91333333333333,9.23666666666667,15.1433333333333,29.58,230.333333333333
0,0.0,0.62,129090,0.86,446.02,22.96,98291,41,6.75,7.92666666666667,9.26333333333333,15.3233333333333,29.8333333333333,230.236666666667
175772,1.17,606.51,249346,1.66,859.57,22.96,98291,41,6.75,7.97,9.24333333333333,16.4166666666667,32.5466666666667,230.22
0,0.0,0.62,11581,0.08,40.75,22.96,98294,41,6.74,7.96,9.16333333333333,16.6266666666667,32.8933333333333,229.96
0,0.0,0.62,94384,0.63,326.59,23.02,98295,41,6.75,7.96666666666667,9.13,16.8266666666667,33.2033333333333,230.316666666667
0,0.0,0.62,0,0.0,0.62,22.97,98294,41,6.75,7.97,9.12,16.79,33.1566666666667,230.713333333333
75700,0.5,262.22,143159,0.95,494.4,23.0,98295,41,6.74333333333333,7.97,9.12,16.79,33.1533333333333,230.776666666667
0,0.0,0.62,0,0.0,0.62,22.99,98290,41,6.74333333333333,7.96333333333333,9.11333333333333,16.7833333333333,33.1433333333333,231.026666666667
0,0.0,0.62,33697,0.22,117.26,22.97,98291,41,6.75,7.98,9.16333333333333,16.8166666666667,33.18,231.383333333333
0,0.0,0.62,0,0.0,0.62,22.92,98284,41,6.75333333333333,7.96666666666667,9.10666666666667,16.7266666666667,33.0666666666667,231.65
0,0.0,0.62,0,0.0,0.62,22.94,98288,41,6.75333333333333,8.00333333333333,9.22333333333333,17.0333333333333,33.48,231.576666666667
0,0.0,0.62,0,0.0,0.62,22.97,98284,41,6.74666666666667,8.02666666666667,9.30333333333333,17.1166666666667,33.5733333333333,231.393333333333
164005,1.09,566.07,202046,1.35,696.84,22.96,98281,41,6.73666666666667,8.00666666666667,9.33,16.8166666666667,31.0,231.133333333333
152775,1.02,527.46,192812,1.29,665.09,22.88,98275,41,6.72666666666667,8.00666666666667,9.38,16.7033333333333,29.76,231.09
0,0.0,0.62,0,0.0,0.62,22.88,98281,41,6.73333333333333,7.98666666666667,9.3,16.6033333333333,29.6433333333333,231.336666666667
0,0.0,0.62,0,0.0,0.62,22.88,98277,41,6.72333333333333,7.96,9.28666666666667,16.3466666666667,29.2566666666667,231.346666666667
0,0.0,0.62,0,0.0,0.62,22.91,98282,42,6.72333333333333,7.96333333333333,9.31666666666667,16.2566666666667,29.1066666666667,231.24
0,0.0,0.62,0,0.0,0.62,22.88,98282,42,6.72,7.94333333333333,9.29,16.2266666666667,29.0733333333333,231.256666666667
0,0.0,0.62,0,0.0,0.62,22.92,98279,42,6.72666666666667,7.92666666666667,9.23333333333333,16.17,29.0133333333333,231.733333333333
0,0.0,0.62,28808,0.19,100.36,22.87,98278,42,6.73333333333333,7.91,9.15666666666667,16.2433333333333,30.11,232.0
0,0.0,0.62,10217,0.07,36.02,22.87,98276,42,6.77333333333333,7.91,9.03666666666667,16.4666666666667,32.39,233.926666666667
97343,0.65,336.78,307592,2.05,1060.45,22.89,98278,42,6.78,7.90666666666667,9.0,16.4266666666667,32.34,234.56
0,0.0,0.62,30971,0.21,107.83,22.84,98273,42,6.78666666666667,7.88333333333333,8.96,15.5433333333333,29.5166666666667,235.233333333333
70593,0.47,244.62,174980,1.17,603.79,22.89,98275,42,6.81,7.9,9.01333333333333,15.37,29.1666666666667,236.443333333333
94711,0.63,327.71,133853,0.89,462.4,22.89,98279,42,6.83,7.92666666666667,8.97333333333333,15.6933333333333,31.05,237.413333333333
0,0.0,0.62,19627,0.13,68.6,22.82,98275,42,6.84666666666667,7.93,8.96333333333333,15.68,31.03,238.296666666667
0,0.0,0.62,0,0.0,0.62,22.83,98274,42,6.85666666666667,7.94,8.96,15.77,31.1633333333333,239.11
0,0.0,0.62,0,0.0,0.62,22.82,98278,42,6.88,7.91666666666667,8.95333333333333,15.1133333333333,29.6966666666667,239.986666666667
0,0.0,0.62,0,0.0,0.62,22.82,98276,42,6.88333333333333,7.95,8.94666666666667,15.9533333333333,31.4166666666667,240.766666666667
0,0.0,0.62,135598,0.9,468.4,22.81,98280,42,6.89666666666667,7.95,8.98333333333333,15.64,29.5633333333333,241.426666666667
0,0.0,0.62,0,0.0,0.62,22.83,98277,42,6.89666666666667,7.94666666666667,8.97,15.74,30.9366666666667,241.446666666667
0,0.0,0.62,0,0.0,0.62,22.83,98278,42,6.88333333333333,7.97333333333333,9.01666666666667,16.2333333333333,32.6333333333333,241.246666666667
0,0.0,0.62,2957,0.02,10.87,22.81,98280,42,6.87,7.95666666666667,8.98333333333333,16.4333333333333,32.9533333333333,241.136666666667
0,0.0,0.62,34199,0.23,118.99,22.83,98278,42,6.86666666666667,7.96,9.0,16.49,33.03,241.096666666667
0,0.0,0.62,88908,0.59,307.73,22.79,98276,42,6.88666666666667,7.89333333333333,8.96333333333333,15.1033333333333,27.8766666666667,241.453333333333
0,0.0,0.62,10519,0.07,37.07,22.78,98279,42,6.89,7.84333333333333,8.89333333333333,14.6566666666667,27.23,242.023333333333
0,0.0,0.62,27934,0.19,97.33,22.8,98281,42,6.88666666666667,7.84666666666667,8.89,14.6666666666667,27.24,242.166666666667
0,0.0,0.62,113850,0.76,393.59,22.76,98278,42,6.88333333333333,7.86333333333333,8.94666666666667,14.9166666666667,28.54,241.896666666667
0,0.0,0.62,177899,1.19,613.83,22.74,98273,42,6.87,7.86333333333333,8.93333333333333,15.2066666666667,30.8933333333333,241.733333333333
0,0.0,0.62,0,0.0,0.62,22.68,98279,42,6.87,7.85666666666667,8.87333333333333,15.5033333333333,32.7,241.783333333333
0,0.0,0.62,0,0.0,0.62,22.69,98277,42,6.87333333333333,7.83,8.82333333333333,15.3733333333333,34.1233333333333,241.713333333333
0,0.0,0.62,0,0.0,0.62,22.68,98279,42,6.88,7.81666666666667,8.82,15.08,33.6833333333333,241.97
53581,0.36,185.93,194245,1.29,670.02,22.69,98274,42,6.87,7.83,8.88666666666667,15.14,33.75,241.753333333333
212261,1.42,731.97,311151,2.07,1072.74,22.69,98275,42,6.87333333333333,7.86666666666667,8.93666666666667,15.5466666666667,34.3666666666667,241.866666666667
0,0.0,0.62,35232,0.23,122.56,22.64,98274,42,6.86333333333333,7.88666666666667,9.02,15.7833333333333,34.68,241.61
0,0.0,0.62,0,0.0,0.62,22.64,98279,42,6.86333333333333,7.92333333333333,9.13666666666667,15.9033333333333,34.8133333333333,241.456666666667
0,0.0,0.62,11697,0.08,41.15,22.69,98279,42,6.86666666666667,7.94666666666667,9.21333333333333,16.03,34.97,241.54
0,0.0,0.62,0,0.0,0.62,22.72,98275,42,6.87666666666667,7.95,9.2,16.1,35.07,241.606666666667
52707,0.35,182.92,121700,0.81,420.6,22.7,98277,42,6.87,7.98666666666667,9.32666666666667,16.2333333333333,35.2266666666667,241.203333333333
222220,1.48,766.22,310337,2.07,1069.93,22.68,98282,42,6.88333333333333,7.98333333333333,9.29666666666667,16.0033333333333,34.9,241.153333333333
0,0.0,0.62,181367,1.21,625.75,22.71,98280,42,6.87333333333333,7.94,9.19666666666667,15.9066666666667,34.79,241.086666666667
0,0.0,0.62,0,0.0,0.62,22.73,98278,42,6.87333333333333,7.92333333333333,9.14333333333333,15.8533333333333,34.73,240.87
0,0.0,0.62,101535,0.68,351.21,22.65,98280,42,6.86666666666667,7.95666666666667,9.27,16.1366666666667,35.1,240.72
0,0.0,0.62,109937,0.73,380.13,22.65,98275,42,6.86666666666667,7.97,9.3,16.1733333333333,35.1433333333333,240.366666666667
0,0.0,0.62,103477,0.69,357.89,22.65,98277,42,6.86,7.97666666666667,9.33666666666667,16.2066666666667,35.18,239.893333333333
26279,0.18,91.61,131769,0.88,455.23,22.71,98276,42,6.86,8.0,9.45,16.34,35.34,239.743333333333
108528,0.72,375.28,159218,1.06,549.61,22.68,98276,42,6.85333333333333,8.01333333333333,9.48,16.38,35.38,239.643333333333
30372,0.2,105.76,164347,1.1,567.24,22.67,98272,42,6.84666666666667,8.00333333333333,9.47333333333333,16.3666666666667,35.3666666666667,239.253333333333
58960,0.39,204.49,124245,0.83,429.35,22.63,98270,42,6.85,8.01666666666667,9.50666666666667,16.3233333333333,34.3266666666667,239.483333333333
0,0.0,0.62,97721,0.65,338.08,22.64,98268,43,6.85666666666667,7.99666666666667,9.48333333333333,15.9266666666667,31.8433333333333,239.44
108662,0.72,375.74,180014,1.2,621.1,22.65,98266,43,6.85,8.01333333333333,9.53,15.9733333333333,31.8966666666667,239.116666666667
0,0.0,0.62,70460,0.47,244.16,22.65,98267,43,6.85,7.99333333333333,9.49,15.9366666666667,31.8566666666667,239.156666666667
0,0.0,0.62,52407,0.35,181.88,22.65,98268,43,6.85666666666667,7.99666666666667,9.53,16.0533333333333,32.01,239.076666666667
0,0.0,0.62,132904,0.89,459.14,22.65,98264,42,6.85666666666667,7.98666666666667,9.50333333333333,15.8333333333333,31.0,238.61
0,0.0,0.62,0,0.0,0.62,22.59,98268,42,6.84666666666667,8.02666666666667,9.66333333333333,16.03,29.86,238.2
0,0.0,0.62,0,0.0,0.62,22.56,98265,43,6.84333333333333,8.06,9.76666666666667,16.1566666666667,30.0133333333333,237.913333333333
47317,0.32,164.31,133045,0.89,459.62,22.58,98267,43,6.84333333333333,8.06666666666667,9.80666666666667,16.1133333333333,29.9333333333333,237.74
109070,0.73,377.14,178052,1.19,614.35,22.6,98269,43,6.84,8.04666666666667,9.83333333333333,15.6933333333333,29.0566666666667,237.66
0,0.0,0.62,30972,0.21,107.84,22.64,98262,43,6.84333333333333,8.00333333333333,9.76333333333333,15.28,30.8633333333333,237.463333333333
0,0.0,0.62,318660,2.12,1098.7,22.67,98264,42,6.84,8.01,9.82,15.0333333333333,28.5666666666667,237.376666666667
14103,0.09,49.48,115733,0.77,400.07,22.66,98264,42,6.82666666666667,7.96666666666667,9.76666666666667,14.5333333333333,26.8666666666667,237.243333333333
0,0.0,0.62,62310,0.42,216.05,22.58,98264,42,6.82333333333333,7.97,9.71,14.7466666666667,27.2433333333333,237.12
146044,0.97,504.32,435251,2.9,1504.37,22.58,98264,42,6.82333333333333,7.96666666666667,9.69333333333333,14.6866666666667,27.1633333333333,236.936666666667
0,0.0,0.62,157252,1.05,542.85,22.61,98257,42,6.82,7.95666666666667,9.67666666666667,14.67,27.1466666666667,236.673333333333
40132,0.27,139.49,87429,0.58,302.63,22.63,98261,43,6.82666666666667,7.99666666666667,9.75,14.9666666666667,27.56,236.72
68972,0.46,239.03,224799,1.5,775.09,22.63,98256,43,6.83,7.97666666666667,9.69333333333334,14.8966666666667,27.48,236.82
0,0.0,0.62,183625,1.22,633.51,22.67,98250,43,6.84,7.96333333333333,9.64,14.6566666666667,26.18,237.186666666667
0,0.0,0.62,102560,0.68,354.74,22.69,98250,42,6.83,7.92666666666667,9.59,14.3,23.7666666666667,237.02
0,0.0,0.62,145989,0.97,504.13,22.67,98251,42,6.80333333333333,7.87333333333333,9.53666666666667,13.7233333333333,21.6,236.476666666667
99704,0.66,344.9,149315,1.0,515.56,22.7,98246,42,6.80666666666667,7.86,9.56333333333333,12.9533333333333,17.77,236.483333333333
0,0.0,0.62,0,0.0,0.62,22.73,98248,42,6.8,7.85333333333333,9.53666666666667,13.0433333333333,17.9266666666667,236.266666666667
0,0.0,0.62,0,0.0,0.62,22.66,98247,42,6.79666666666667,7.83666666666667,9.50666666666667,12.8433333333333,17.6233333333333,236.233333333333
0,0.0,0.62,8225,0.05,29.12,22.73,98248,42,6.79,7.79666666666667,9.46666666666667,12.44,17.0166666666667,235.793333333333
0,0.0,0.62,0,0.0,0.62,22.7,98246,42,6.79,7.77,9.38333333333333,12.22,16.7366666666667,235.576666666667
0,0.0,0.62,19890,0.13,69.51,22.7,98249,42,6.78666666666667,7.77333333333333,9.43,12.3833333333333,16.9466666666667,235.483333333333
0,0.0,0.62,105430,0.7,364.62,22.73,98248,42,6.78666666666667,7.78666666666667,9.45,12.4433333333333,17.0266666666667,235.23
132666,0.88,458.32,189236,1.26,652.8,22.7,98248,42,6.76333333333333,7.77666666666667,9.45333333333333,12.4466666666667,17.03,234.673333333333
0,0.0,0.62,28174,0.19,98.16,22.73,98243,42,6.77,7.76333333333333,9.33333333333333,12.59,17.2933333333333,234.796666666667
0,0.0,0.62,89029,0.59,308.15,22.75,98244,42,6.76333333333333,7.75666666666667,9.29666666666667,12.6833333333333,17.4566666666667,234.64
214160,1.43,738.5,282362,1.88,973.35,22.74,98241,42,6.77,7.80666666666667,9.42,12.9633333333333,18.78,234.73
60304,0.4,209.13,290581,1.94,1001.7,22.72,98246,42,6.77666666666667,7.83,9.42666666666667,13.2766666666667,21.1466666666667,235.04
123888,0.83,428.13,174810,1.17,603.21,22.74,98242,42,6.78333333333333,7.80333333333333,9.29666666666667,12.9933333333333,20.7766666666667,235.11
0,0.0,0.62,137705,0.92,475.65,22.65,98242,43,6.77333333333333,7.79,9.31,13.01,20.7966666666667,234.896666666667
0,0.0,0.62,64335,0.43,223.04,22.62,98240,42,6.78,7.80666666666667,9.27666666666667,13.5266666666667,22.33,235.063333333333
0,0.0,0.62,0,0.0,0.62,22.59,98236,42,6.78,7.77666666666667,9.12,13.62,22.8966666666667,235.103333333333
50973,0.34,176.93,132075,0.88,456.28,22.62,98236,42,6.77,7.75,9.07,13.5766666666667,22.85,234.7
0,0.0,0.62,0,0.0,0.62,22.56,98229,42,6.76666666666667,7.79,9.05,14.35,24.2733333333333,234.67
0,0.0,0.62,81598,0.54,282.55,22.5,98225,43,6.75,7.75666666666667,8.97333333333333,14.2,24.0833333333333,234.143333333333
164195,1.09,566.72,225585,1.5,777.8,22.49,98223,43,6.74,7.74,8.92666666666667,14.1166666666667,23.9766666666667,233.79
0,0.0,0.62,0,0.0,0.62,22.5,98222,43,6.74333333333333,7.73666666666667,8.88666666666667,14.0766666666667,23.9366666666667,233.973333333333
0,0.0,0.62,170998,1.14,590.1,22.52,98222,43,6.75,7.75666666666667,8.92,14.1033333333333,23.9633333333333,233.983333333333
93167,0.62,322.4,164413,1.1,567.47,22.45,98218,43,6.74333333333333,7.73,8.85,13.96,23.78,234.026666666667
0,0.0,0.62,30464,0.2,106.08,22.42,98219,43,6.73666666666667,7.72,8.83,13.9466666666667,23.76,234.083333333333
0,0.0,0.62,1542,0.01,5.97,22.39,98222,43,6.73666666666667,7.65,8.66,13.3566666666667,22.9433333333333,234.17
0,0.0,0.62,126393,0.84,436.74,22.32,98217,43,6.73,7.61666666666667,8.55333333333333,13.3433333333333,22.9733333333333,233.916666666667
0,0.0,0.62,0,0.0,0.62,22.36,98218,43,6.71333333333333,7.62333333333333,8.54,13.5633333333333,23.3166666666667,233.59
0,0.0,0.62,64481,0.43,223.54,22.38,98220,43,6.71333333333333,7.59666666666667,8.47666666666667,13.3533333333333,23.0266666666667,233.253333333333
0,0.0,0.62,0,0.0,0.62,22.38,98218,43,6.69333333333333,7.56,8.44333333333333,12.9433333333333,20.5166666666667,232.77
0,0.0,0.62,105974,0.71,366.49,22.31,98214,43,6.68,7.55666666666667,8.49666666666667,12.8466666666667,19.3966666666667,232.363333333333
0,0.0,0.62,53893,0.36,187.01,22.3,98216,43,6.66666666666667,7.54,8.48666666666667,12.8266666666667,19.3766666666667,231.96
0,0.0,0.62,0,0.0,0.62,22.29,98217,43,6.68,7.54333333333333,8.47333333333333,12.82,19.37,232.086666666667
0,0.0,0.62,34988,0.23,121.72,22.28,98208,43,6.67333333333333,7.49666666666667,8.46333333333333,12.31,18.57,231.783333333333
0,0.0,0.62,0,0.0,0.62,22.27,98214,43,6.65666666666667,7.48666666666667,8.46333333333333,12.3033333333333,18.5633333333333,231.523333333333
0,0.0,0.62,78045,0.52,270.3,22.3,98210,43,6.63666666666667,7.48,8.46,12.31,18.57,231.116666666667
0,0.0,0.62,77488,0.52,268.38,22.28,98212,43,6.62333333333333,7.43333333333333,8.37666666666667,11.9966666666667,18.1433333333333,230.493333333333
75134,0.5,260.27,163336,1.09,563.77,22.28,98209,43,6.59666666666667,7.40333333333333,8.34333333333333,11.9633333333333,18.1133333333333,229.64
147963,0.99,510.92,299444,2.0,1032.3,22.28,98208,43,6.57666666666667,7.37,8.29,11.91,18.06,228.976666666667
46250,0.31,160.62,155361,1.04,536.35,22.32,98205,43,6.6,7.39333333333333,8.32666666666667,11.95,18.0966666666667,229.226666666667
94349,0.63,326.47,135855,0.91,469.28,22.26,98201,43,6.59666666666667,7.39666666666667,8.34,12.1633333333333,21.2466666666667,229.176666666667
48454,0.32,168.23,123780,0.83,427.75,22.27,98197,43,6.59,7.38333333333333,8.34,12.04,21.06,229.12
0,0.0,0.62,0,0.0,0.62,22.38,98201,43,6.6,7.39,8.27666666666667,12.3766666666667,24.7466666666667,229.393333333333
0,0.0,0.62,2793,0.02,10.3,22.41,98202,43,6.59666666666667,7.39333333333333,8.27666666666667,12.35,24.71,229.526666666667
24435,0.16,85.23,131540,0.88,454.44,22.4,98205,43,6.60333333333333,7.37666666666667,8.13333333333333,12.39,26.7466666666667,229.886666666667
58046,0.39,201.34,124278,0.83,429.47,22.37,98202,43,6.6,7.36333333333333,8.09,12.4266666666667,27.7766666666667,229.853333333333
0,0.0,0.62,5672,0.04,20.28,22.39,98203,43,6.61,7.43,8.10333333333333,13.4633333333333,29.6,229.996666666667
0,0.0,0.62,16761,0.11,58.68,22.37,98202,43,6.6,7.42666666666667,8.12666666666667,13.4,29.52,230.06
0,0.0,0.62,0,0.0,0.62,22.35,98203,43,6.59,7.45666666666667,8.20666666666667,13.7233333333333,30.0066666666667,229.59
81320,0.54,281.59,135848,0.91,469.26,22.33,98201,43,6.57,7.41333333333333,8.07,13.7833333333333,29.9133333333333,228.706666666667
0,0.0,0.62,29377,0.2,102.32,22.33,98204,43,6.54666666666667,7.40666666666667,8.06,13.8533333333333,29.4966666666667,227.806666666667
0,0.0,0.62,31373,0.21,109.22,22.32,98203,43,6.52,7.38,7.98666666666667,13.9233333333333,30.58,226.896666666667
0,0.0,0.62,142622,0.95,492.55,22.33,98200,43,6.50666666666667,7.37,7.93666666666667,14.1566666666667,32.87,226.406666666667
50135,0.33,174.04,187714,1.25,647.57,22.33,98202,43,6.49,7.32333333333333,7.89666666666667,13.5733333333333,31.27,225.756666666667
0,0.0,0.62,38507,0.26,133.88,22.3,98201,43,6.45333333333333,7.33,7.94333333333333,13.7566666666667,31.39,224.92
15288,0.1,53.58,219310,1.46,756.21,22.33,98198,43,6.44333333333333,7.40333333333333,8.00666666666667,14.6533333333333,33.1733333333333,224.406666666667
0,0.0,0.62,0,0.0,0.62,22.32,98202,43,6.43,7.34666666666667,8.04666666666667,13.8933333333333,31.77,223.75
37008,0.25,128.7,100003,0.67,345.93,22.3,98195,43,6.41666666666667,7.36666666666667,8.12,14.0033333333333,31.9033333333333,223.18
0,0.0,0.62,0,0.0,0.62,22.32,98198,44,6.40333333333333,7.39,8.21333333333333,14.16,32.0966666666667,222.896666666667
0,0.0,0.62,53576,0.36,185.92,22.32,98194,43,6.38333333333333,7.37333333333333,8.2,14.15,32.09,222.353333333333
0,0.0,0.62,0,0.0,0.62,22.29,98192,44,6.36666666666667,7.34666666666667,8.17,14.12,32.0533333333333,221.773333333333
0,0.0,0.62,35083,0.23,122.05,22.32,98192,44,6.35666666666667,7.32333333333333,8.13333333333333,14.0833333333333,32.02,221.08
0,0.0,0.62,0,0.0,0.62,22.36,98193,43,6.33,7.29,8.09,14.04,31.98,220.43
0,0.0,0.62,64320,0.43,222.98,22.37,98193,43,6.33,7.28333333333333,8.08333333333333,14.0333333333333,31.9666666666667,219.913333333333
0,0.0,0.62,42504,0.28,147.69,22.41,98188,43,6.32333333333333,7.30666666666667,8.06666666666667,14.4466666666667,32.6633333333333,219.47
0,0.0,0.62,0,0.0,0.62,22.41,98195,43,6.30333333333333,7.25,7.99,14.13,32.2166666666667,218.896666666667
0,0.0,0.62,159292,1.06,549.86,22.4,98192,43,6.29333333333333,7.26333333333333,8.05,14.2,32.3,217.886666666667
81209,0.54,281.21,302696,2.02,1043.53,22.44,98196,43,6.28666666666667,7.26333333333333,7.99,14.6866666666667,33.79,217.583333333333
0,0.0,0.62,73390,0.49,254.26,22.42,98188,43,6.29,7.27333333333333,7.98,14.95,34.56,217.55
92040,0.61,318.52,279140,1.86,962.23,22.39,98191,43,6.27,7.26,7.97,14.94,34.55,217.296666666667
151948,1.01,524.62,315424,2.1,1087.52,22.4,98192,43,6.27,7.26,7.98,14.95,34.5566666666667,217.026666666667
0,0.0,0.62,281981,1.88,972.03,22.34,98193,44,6.26,7.23333333333333,7.94,14.91,34.52,216.606666666667
0,0.0,0.62,0,0.0,0.62,22.32,98188,44,6.27,7.28,7.99333333333333,15.4566666666667,35.32,216.78
0,0.0,0.62,38395,0.26,133.49,22.35,98189,44,6.27,7.29333333333333,8.01,15.47,35.3333333333333,216.716666666667
0,0.0,0.62,0,0.0,0.62,22.39,98191,44,6.28,7.33333333333333,8.1,15.7533333333333,35.72,216.78
0,0.0,0.62,0,0.0,0.62,22.41,98189,44,6.27333333333333,7.35333333333333,8.16666666666667,15.9066666666667,35.9166666666667,216.723333333333
0,0.0,0.62,0,0.0,0.62,22.43,98186,43,6.26,7.33,8.13,15.87,35.8733333333333,216.42
0,0.0,0.62,120636,0.8,416.94,22.46,98187,43,6.26,7.36666666666667,8.22666666666667,16.05,36.1,215.923333333333
0,0.0,0.62,0,0.0,0.62,22.45,98191,43,6.25,7.32,8.17333333333333,15.5566666666667,32.54,215.33
0,0.0,0.62,29413,0.2,102.45,22.49,98193,43,6.24333333333333,7.37,8.32666666666667,15.92,33.0233333333333,215.096666666667
0,0.0,0.62,85516,0.57,296.04,22.51,98188,43,6.23333333333333,7.39333333333333,8.42333333333333,16.1333333333333,33.3033333333333,214.71
0,0.0,0.62,0,0.0,0.62,22.53,98185,43,6.22,7.34,8.37333333333333,15.5933333333333,29.3633333333333,214.23
0,0.0,0.62,34425,0.23,119.77,22.49,98191,43,6.21,7.33666666666667,8.38,15.6,29.3666666666667,213.916666666667
0,0.0,0.62,115500,0.77,399.27,22.55,98186,43,6.19333333333333,7.31333333333333,8.38333333333333,15.3,27.01,213.246666666667
0,0.0,0.62,0,0.0,0.62,22.49,98188,43,6.18666666666667,7.28333333333333,8.31333333333333,15.2133333333333,26.9066666666667,212.766666666667
0,0.0,0.62,12994,0.09,45.64,22.49,98187,43,6.15333333333333,7.14333333333333,8.15333333333333,14.0533333333333,26.85,211.693333333333
0,0.0,0.62,86216,0.57,298.46,22.48,98187,43,6.13666666666667,7.07333333333333,8.03666666666667,13.5733333333333,26.1333333333333,211.613333333333
47308,0.32,164.28,117891,0.79,407.5,22.43,98185,44,6.13333333333333,7.10333333333333,8.19333333333333,13.3733333333333,25.0633333333333,211.756666666667
0,0.0,0.62,61339,0.41,212.7,22.42,98182,44,6.14333333333333,7.10666666666667,8.26333333333333,13.0766666666667,23.21,212.046666666667
0,0.0,0.62,0,0.0,0.62,22.43,98184,44,6.15333333333333,7.12666666666667,8.34,13.0233333333333,22.15,212.27
261665,1.74,902.0,621904,4.15,2169.63,22.45,98186,44,6.16,7.10666666666667,8.32333333333333,12.7133333333333,19.7733333333333,212.533333333333
0,0.0,0.62,0,0.0,0.62,22.45,98180,44,6.15666666666667,7.10333333333333,8.31666666666667,12.7033333333333,19.7666666666667,212.663333333333
0,0.0,0.62,34051,0.23,118.48,22.39,98183,44,6.18,7.08,8.31,12.34,18.9866666666667,213.27
29108,0.19,101.39,448439,2.99,1550.64,22.38,98180,44,6.18333333333333,7.02333333333333,8.3,11.5433333333333,17.3333333333333,213.763333333333
0,0.0,0.62,20328,0.14,71.02,22.42,98187,44,6.19666666666667,7.05,8.33,11.6066666666667,17.41,213.906666666667
0,0.0,0.62,212597,1.42,733.12,22.46,98181,44,6.19,7.03333333333333,8.28,11.5233333333333,17.3033333333333,214.27
57125,0.38,198.16,136660,0.91,472.05,22.49,98183,44,6.18666666666667,7.00666666666667,8.23333333333333,11.4133333333333,17.1666666666667,214.17
48460,0.32,168.26,179644,1.2,619.83,22.45,98182,44,6.18333333333333,7.03,8.32333333333333,11.6133333333333,17.4233333333333,214.32
0,0.0,0.62,65626,0.44,227.49,22.48,98181,44,6.18666666666667,7.11333333333333,8.41333333333333,12.5433333333333,18.85,214.343333333333
85216,0.57,295.01,125307,0.84,433.01,22.49,98177,44,6.18,7.16,8.52333333333333,13.0633333333333,19.5766666666667,214.703333333333
0,0.0,0.62,0,0.0,0.62,22.48,98177,44,6.19666666666667,7.19333333333333,8.58,13.1166666666667,19.6366666666667,215.24
0,0.0,0.62,0,0.0,0.62,22.51,98179,44,6.19666666666667,7.19333333333333,8.58,13.12,19.6366666666667,215.72
31087,0.21,108.23,191582,1.28,660.86,22.45,98182,44,6.21666666666667,7.19,8.63333333333333,12.6166666666667,18.7833333333333,216.483333333333
0,0.0,0.62,0,0.0,0.62,22.28,98182,44,6.24,7.24,8.73666666666667,12.72,18.9,217.173333333333
0,0.0,0.62,0,0.0,0.62,22.31,98182,44,6.25666666666667,7.26,8.76333333333333,12.7466666666667,18.9266666666667,217.636666666667
0,0.0,0.62,0,0.0,0.62,22.34,98181,44,6.25,7.25333333333333,8.74333333333333,12.7233333333333,18.8933333333333,217.763333333333
0,0.0,0.62,0,0.0,0.62,22.32,98180,44,6.25,7.24333333333333,8.76666666666667,12.2133333333333,17.3833333333333,217.946666666667
0,0.0,0.62,66511,0.44,230.54,22.31,98175,44,6.24666666666667,7.22666666666667,8.74666666666667,11.9566666666667,16.64,217.613333333333
0,0.0,0.62,3162,0.02,11.58,22.29,98181,44,6.25333333333333,7.23666666666667,8.79333333333333,12.0233333333333,16.72,217.23
0,0.0,0.62,0,0.0,0.62,22.3,98178,44,6.25,7.24,8.81,12.05,16.75,217.116666666667
76940,0.51,266.49,253374,1.69,873.44,22.28,98176,44,6.24666666666667,7.23666666666667,8.80666666666667,12.0366666666667,16.7466666666667,216.81
0,0.0,0.62,0,0.0,0.62,22.32,98179,44,6.22666666666667,7.19666666666667,8.78666666666667,11.5266666666667,15.9733333333333,216.053333333333
0,0.0,0.62,77945,0.52,269.96,22.31,98175,44,6.22,7.18333333333333,8.77333333333333,11.5133333333333,15.9633333333333,215.643333333333
0,0.0,0.62,73972,0.49,256.26,22.29,98174,44,6.21333333333333,7.14666666666667,8.69333333333333,11.2366666666667,15.5833333333333,215.65
0,0.0,0.62,0,0.0,0.62,22.23,98178,44,6.21333333333333,7.12333333333333,8.61,11.0733333333333,15.3766666666667,215.256666666667
0,0.0,0.62,0,0.0,0.62,22.23,98179,44,6.20666666666667,7.13333333333333,8.64,11.1033333333333,15.41,214.92
0,0.0,0.62,5999,0.04,21.41,22.19,98177,44,6.20333333333333,7.17,8.74,11.11,15.39,215.1
0,0.0,0.62,0,0.0,0.62,22.19,98174,44,6.21,7.17,8.74,11.1133333333333,15.39,215.363333333333
0,0.0,0.62,125261,0.84,432.85,22.21,98175,44,6.20333333333333,7.10333333333333,8.56,10.72,14.88,215.08
0,0.0,0.62,0,0.0,0.62,22.19,98178,44,6.2,7.07,8.45,10.49,14.58,215.143333333333
293120,1.95,1010.47,397774,2.65,1373.36,22.18,98174,44,6.21,7.06333333333333,8.43666666666667,10.4766666666667,14.5666666666667,215.516666666667
0,0.0,0.62,67153,0.45,232.75,22.15,98174,45,6.20666666666667,7.06333333333333,8.39,10.8766666666667,18.03,215.51
0,0.0,0.62,175023,1.17,603.94,22.12,98170,45,6.21333333333333,7.06333333333333,8.37333333333333,10.86,18.0133333333333,215.84
0,0.0,0.62,0,0.0,0.62,22.12,98171,45,6.23666666666667,7.09333333333333,8.43,10.7833333333333,16.9133333333333,216.263333333333
0,0.0,0.62,99648,0.66,344.71,22.08,98173,45,6.24,7.11,8.52666666666667,10.6,14.6966666666667,216.673333333333
0,0.0,0.62,128828,0.86,445.12,22.14,98171,45,6.25,7.15666666666667,8.64666666666667,10.72,14.83,217.206666666667
0,0.0,0.62,0,0.0,0.62,22.08,98169,45,6.25666666666667,7.16666666666667,8.67666666666667,10.77,14.8866666666667,217.14
0,0.0,0.62,0,0.0,0.62,22.08,98171,45,6.25,7.15,8.61666666666667,10.7433333333333,14.8633333333333,216.7
0,0.0,0.62,0,0.0,0.62,22.08,98164,45,6.23333333333333,7.12,8.54,10.65,14.76,216.21
0,0.0,0.62,0,0.0,0.62,22.07,98168,45,6.21666666666667,7.08,8.44666666666667,10.5333333333333,14.6233333333333,215.94
0,0.0,0.62,0,0.0,0.62,22.05,98171,45,6.20666666666667,7.07666666666667,8.44666666666667,10.5266666666667,14.62,215.253333333333
0,0.0,0.62,8386,0.06,29.68,22.0,98169,45,6.20333333333333,7.12666666666667,8.44333333333333,11.5633333333333,17.2233333333333,214.763333333333
0,0.0,0.62,0,0.0,0.62,22.02,98166,45,6.18666666666667,7.09333333333333,8.37666666666667,11.4433333333333,17.0733333333333,214.413333333333
0,0.0,0.62,80462,0.54,278.63,22.03,98170,45,6.18,7.08333333333333,8.36333333333333,11.3933333333333,17.0066666666667,214.203333333333
0,0.0,0.62,0,0.0,0.62,22.03,98171,45,6.16333333333333,7.04666666666667,8.31333333333333,11.38,17.01,213.693333333333
0,0.0,0.62,101209,0.67,350.09,22.04,98167,45,6.16,7.08333333333333,8.41666666666667,11.6066666666667,17.3,213.543333333333
0,0.0,0.62,111896,0.75,386.87,22.05,98171,45,6.16333333333333,7.07333333333333,8.36333333333333,11.4633333333333,17.1133333333333,213.42
45191,0.3,156.97,129854,0.87,448.65,22.06,98174,45,6.17,6.99333333333333,8.27666666666667,10.5333333333333,15.6833333333333,213.63
0,0.0,0.62,0,0.0,0.62,22.07,98174,45,6.17333333333333,6.94666666666667,8.18,10.03,14.9766666666667,213.743333333333
0,0.0,0.62,0,0.0,0.62,22.02,98171,45,6.18,6.95,8.16333333333333,10.0133333333333,14.96,213.713333333333
0,0.0,0.62,127574,0.85,440.8,22.05,98166,45,6.18333333333333,7.02,8.28333333333333,10.9833333333333,17.4633333333333,213.57
0,0.0,0.62,85594,0.57,296.31,22.04,98169,45,6.17,7.02666666666667,8.34666666666667,11.0866666666667,17.59,213.04
0,0.0,0.62,62028,0.41,215.08,22.0,98165,45,6.16666666666667,7.00666666666667,8.27666666666667,11.0133333333333,17.5166666666667,212.983333333333
0,0.0,0.62,0,0.0,0.62,22.01,98167,45,6.17666666666667,6.99666666666667,8.24666666666667,10.9866666666667,17.4766666666667,213.176666666667
42337,0.28,147.11,232928,1.55,803.06,22.02,98160,45,6.18,6.99,8.21333333333333,10.95,17.4433333333333,213.186666666667
0,0.0,0.62,34774,0.23,120.98,21.94,98168,45,6.19,6.99666666666667,8.2,10.9166666666667,17.4,213.456666666667
0,0.0,0.62,5130,0.03,18.4,21.88,98160,45,6.19,7.00333333333333,8.21333333333333,10.92,17.4,213.756666666667
0,0.0,0.62,89852,0.6,310.98,21.95,98167,45,6.2,7.02,8.23,10.9366666666667,17.41,214.32
0,0.0,0.62,0,0.0,0.62,21.95,98167,46,6.21666666666667,7.04666666666667,8.28666666666667,10.98,17.4566666666667,214.846666666667
0,0.0,0.62,55097,0.37,191.16,21.89,98160,46,6.24,7.08333333333333,8.35666666666667,11.0533333333333,17.5333333333333,215.603333333333
0,0.0,0.62,0,0.0,0.62,21.89,98162,46,6.26666666666667,7.09333333333333,8.37,11.1066666666667,17.6066666666667,216.623333333333
0,0.0,0.62,135263,0.9,467.25,21.89,98167,46,6.28,7.10666666666667,8.40666666666667,11.1566666666667,17.6666666666667,217.4
80536,0.54,278.89,172433,1.15,595.04,21.87,98169,46,6.29333333333333,7.13,8.43,11.18,17.69,217.863333333333
21561,0.14,75.29,118010,0.79,407.9,21.85,98163,46,6.3,7.16666666666667,8.55333333333333,11.34,17.8766666666667,218.583333333333
0,0.0,0.62,53288,0.36,184.92,21.85,98168,46,6.31666666666667,7.2,8.62,11.4033333333333,17.95,219.306666666667
0,0.0,0.62,0,0.0,0.62,21.78,98164,46,6.32666666666667,7.14333333333333,8.44666666666667,11.2366666666667,17.7633333333333,219.703333333333
0,0.0,0.62,29281,0.2,101.99,21.8,98165,46,6.32666666666667,7.17333333333333,8.48,11.4566666666667,18.13,219.57
76259,0.51,264.15,194442,1.3,670.7,21.78,98165,46,6.34,7.21333333333333,8.49333333333333,11.8566666666667,18.8133333333333,219.733333333333
0,0.0,0.62,85668,0.57,296.57,21.78,98165,46,6.35333333333333,7.25333333333333,8.56,11.92,18.88,219.78
0,0.0,0.62,0,0.0,0.62,21.78,98166,46,6.36333333333333,7.26666666666667,8.57,11.93,18.89,219.616666666667
0,0.0,0.62,54684,0.36,189.74,21.82,98160,46,6.37,7.25333333333333,8.58666666666667,11.5033333333333,15.3966666666667,219.533333333333
0,0.0,0.62,46902,0.31,162.88,21.85,98167,46,6.34333333333333,7.24,8.63666666666666,11.6033333333333,15.5266666666667,218.813333333333
0,0.0,0.62,13591,0.09,47.71,21.86,98163,46,6.34,7.25333333333333,8.66333333333333,11.61,15.53,218.36
0,0.0,0.62,0,0.0,0.62,21.88,98160,46,6.32,7.19666666666667,8.54,11.48,15.3866666666667,217.67
0,0.0,0.62,0,0.0,0.62,21.85,98158,46,6.31666666666667,7.19666666666667,8.56,11.52,15.4366666666667,217.863333333333
0,0.0,0.62,2003,0.01,7.56,21.89,98157,46,6.36,7.21333333333333,8.51333333333333,11.44,15.3333333333333,219.27
129049,0.86,445.88,180457,1.2,622.62,21.88,98163,46,6.38333333333333,7.27666666666667,8.66666666666667,11.6366666666667,15.56,220.346666666667
186950,1.25,644.94,298703,1.99,1029.74,21.88,98158,46,6.41,7.35,8.86,11.8666666666667,15.8266666666667,221.423333333333
0,0.0,0.62,81955,0.55,283.78,21.91,98157,46,6.44666666666667,7.40333333333333,8.93333333333333,11.94,15.9033333333333,222.91
0,0.0,0.62,0,0.0,0.62,21.92,98159,46,6.48,7.41333333333333,9.02666666666667,10.9966666666667,13.3966666666667,224.106666666667
0,0.0,0.62,162827,1.09,562.02,21.89,98156,46,6.51,7.47,9.14333333333333,11.12,13.53,224.973333333333
135904,0.91,469.45,314720,2.1,1085.08,21.92,98151,46,6.53,7.57666666666667,9.37,11.66,14.2466666666667,225.746666666667
91823,0.61,317.77,305516,2.04,1053.27,21.96,98153,46,6.56,7.61666666666667,9.45666666666667,11.74,14.3266666666667,226.736666666667
0,0.0,0.62,61546,0.41,213.42,21.96,98158,46,6.59,7.68666666666667,9.62,11.88,14.4766666666667,227.913333333333
0,0.0,0.62,0,0.0,0.62,21.78,98153,46,6.61333333333333,7.76666666666667,9.60333333333333,13.49,21.3166666666667,228.846666666667
0,0.0,0.62,0,0.0,0.62,21.86,98154,46,6.61666666666667,7.78666666666667,9.65666666666667,13.5666666666667,21.4066666666667,229.323333333333
0,0.0,0.62,57804,0.39,200.51,21.88,98149,46,6.62333333333333,7.82666666666667,9.74333333333333,13.6466666666667,21.4933333333333,229.556666666667
0,0.0,0.62,0,0.0,0.62,21.92,98154,46,6.64,7.87333333333333,9.83,13.7433333333333,21.5966666666667,229.75
0,0.0,0.62,0,0.0,0.62,21.94,98154,46,6.65,7.9,9.89666666666667,13.8933333333333,21.7933333333333,230.163333333333
46694,0.31,162.16,187685,1.25,647.47,21.96,98155,46,6.65,7.91333333333333,9.91333333333333,13.9133333333333,21.22,230.403333333333
0,0.0,0.62,34403,0.23,119.7,21.99,98155,46,6.66,7.92333333333333,9.85666666666667,14.1866666666667,21.9166666666667,230.836666666667
105212,0.7,363.86,197700,1.32,681.9,21.97,98150,46,6.66,7.94333333333333,9.90666666666667,14.2333333333333,21.9733333333333,231.246666666667
0,0.0,0.62,5400,0.04,19.34,21.94,98155,46,6.68333333333333,8.03666666666667,10.03,15.6266666666667,26.29,232.006666666667
0,0.0,0.62,236335,1.58,814.78,21.94,98153,46,6.68,8.02666666666667,10.0266666666667,15.6233333333333,26.2933333333333,232.113333333333
0,0.0,0.62,0,0.0,0.62,21.98,98153,46,6.69666666666667,8.03333333333333,10.01,15.5833333333333,26.2366666666667,232.416666666667
0,0.0,0.62,0,0.0,0.62,21.95,98152,46,6.69333333333333,8.05666666666667,10.0433333333333,15.7166666666667,26.4166666666667,232.373333333333
0,0.0,0.62,0,0.0,0.62,21.97,98155,46,6.70333333333333,8.11666666666667,10.21,15.98,26.7433333333333,232.703333333333
106894,0.71,369.65,196214,1.31,676.79,21.94,98153,45,6.71666666666667,8.17333333333333,10.36,16.17,26.9633333333333,233.003333333333
270993,1.81,934.15,515728,3.44,1788.26,21.86,98152,46,6.73333333333333,8.28666666666667,10.5,17.78,33.7233333333333,233.526666666667
137911,0.92,476.35,215379,1.44,742.69,21.87,98147,46,6.74333333333333,8.32333333333333,10.5233333333333,18.1166666666667,36.3333333333333,234.226666666667
0,0.0,0.62,114772,0.77,396.76,21.82,98151,46,6.76333333333333,8.4,10.5666666666667,19.19,39.0566666666667,234.703333333333
0,0.0,0.62,13525,0.09,47.48,21.81,98154,46,6.77333333333333,8.42666666666667,10.4833333333333,20.0,41.3333333333333,235.056666666667
0,0.0,0.62,168,0.0,1.2,21.8,98158,46,6.78333333333333,8.46333333333333,10.59,20.12,41.4766666666667,235.376666666667
0,0.0,0.62,32290,0.22,112.39,21.82,98151,46,6.80333333333333,8.53333333333333,10.76,20.41,41.83,235.846666666667
0,0.0,0.62,20613,0.14,72.01,21.73,98154,46,6.80333333333333,8.56666666666667,10.9266666666667,20.53,41.89,236.156666666667
0,0.0,0.62,0,0.0,0.62,21.77,98150,46,6.81333333333333,8.56,10.95,20.1666666666667,41.2466666666667,236.616666666667
0,0.0,0.62,0,0.0,0.62,21.7,98147,46,6.8,8.53333333333333,10.91,20.13,41.2033333333333,236.84
64435,0.43,223.38,310980,2.07,1072.15,21.75,98146,46,6.79333333333333,8.58,11.0633333333333,20.2933333333333,41.3866666666667,237.18
0,0.0,0.62,0,0.0,0.62,21.69,98152,46,6.80333333333333,8.63333333333333,11.16,20.5766666666667,41.7766666666667,237.49
0,0.0,0.62,5483,0.04,19.62,21.7,98145,46,6.79666666666667,8.63,11.1366666666667,20.6433333333333,41.88,237.496666666667
0,0.0,0.62,83850,0.56,290.3,21.68,98151,46,6.80666666666667,8.66,11.22,20.8166666666667,42.1066666666667,237.92
0,0.0,0.62,0,0.0,0.62,21.66,98150,46,6.82,8.65333333333333,11.1733333333333,20.7733333333333,42.0566666666667,238.363333333333
0,0.0,0.62,58351,0.39,202.39,21.6,98144,46,6.84,8.69666666666667,11.2666666666667,20.86,42.1566666666667,239.003333333333
0,0.0,0.62,0,0.0,0.62,21.6,98148,46,6.86333333333333,8.73333333333333,11.2466666666667,21.3266666666667,44.19,239.39
0,0.0,0.62,0,0.0,0.62,21.6,98146,46,6.85333333333333,8.79666666666667,11.2566666666667,22.89,49.3433333333333,238.93
0,0.0,0.62,64411,0.43,223.3,21.61,98145,46,6.84333333333333,8.80666666666667,11.26,23.1366666666667,49.79,238.43
0,0.0,0.62,11026,0.07,38.82,21.61,98142,46,6.83666666666667,8.87333333333333,11.22,24.8666666666667,57.3266666666667,238.073333333333
0,0.0,0.62,0,0.0,0.62,21.59,98141,46,6.83333333333333,8.90333333333333,11.2966666666667,25.4066666666667,60.0133333333333,237.666666666667
0,0.0,0.62,8302,0.06,29.39,21.57,98145,46,6.82,8.9,11.3066666666667,25.6333333333333,60.35,237.246666666667
0,0.0,0.62,0,0.0,0.62,21.54,98138,46,6.80333333333333,8.87666666666667,11.2866666666667,25.71,60.47,236.52
6094,0.04,21.74,138793,0.93,479.39,21.53,98145,46,6.79333333333333,8.78666666666667,11.07,25.17,59.7433333333333,236.146666666667
0,0.0,0.62,23816,0.16,83.09,21.54,98144,46,6.77666666666667,8.74666666666667,10.9666666666667,25.08,59.66,235.586666666667
0,0.0,0.62,0,0.0,0.62,21.55,98140,46,6.76,8.7,10.8466666666667,25.0066666666667,59.5866666666667,234.963333333333
0,0.0,0.62,0,0.0,0.62,21.53,98140,46,6.76,8.59333333333333,10.7166666666667,23.1166666666667,52.3966666666667,234.5
0,0.0,0.62,0,0.0,0.62,21.55,98141,46,6.75666666666667,8.57333333333333,10.65,23.02,52.2766666666667,234.27
0,0.0,0.62,0,0.0,0.62,21.54,98144,46,6.76333333333333,8.59333333333333,10.6166666666667,23.9333333333333,55.4433333333333,234.26
0,0.0,0.62,52327,0.35,181.6,21.52,98144,46,6.77,8.58333333333333,10.5433333333333,24.3266666666667,56.9566666666667,234.303333333333
0,0.0,0.62,9780,0.07,34.51,21.53,98148,46,6.76333333333333,8.58333333333333,10.48,24.5066666666667,57.5333333333333,233.976666666667
20260,0.14,70.79,211193,1.41,728.29,21.51,98142,46,6.76,8.53333333333333,10.37,24.1866666666667,57.1566666666667,233.996666666667
0,0.0,0.62,182974,1.22,631.27,21.52,98147,46,6.76,8.54,10.3466666666667,24.64,59.1,234.013333333333
0,0.0,0.62,1895,0.01,7.19,21.55,98145,46,6.75666666666667,8.55,10.36,25.07,60.4933333333333,234.083333333333
0,0.0,0.62,37844,0.25,131.59,21.58,98148,46,6.74333333333333,8.52,10.2966666666667,25.0033333333333,60.4266666666667,233.67
0,0.0,0.62,25806,0.17,89.97,21.56,98144,46,6.72666666666667,8.43333333333333,10.18,23.6233333333333,56.1166666666667,233.276666666667
0,0.0,0.62,0,0.0,0.62,21.5,98148,46,6.73,8.42666666666667,10.1566666666667,23.5966666666667,56.0933333333333,233.28
0,0.0,0.62,0,0.0,0.62,21.44,98147,46,6.73333333333333,8.43333333333333,10.1833333333333,23.63,56.1233333333333,233.433333333333
0,0.0,0.62,199212,1.33,687.1,21.44,98143,46,6.73666666666667,8.41333333333333,10.1633333333333,23.5066666666667,55.9633333333333,233.61
0,0.0,0.62,84290,0.56,291.82,21.49,98147,46,6.71666666666667,8.33666666666667,9.96,23.22,55.61,233.223333333333
0,0.0,0.62,0,0.0,0.62,21.45,98146,46,6.70666666666667,8.28,9.78333333333333,23.0033333333333,55.3566666666667,233.033333333333
0,0.0,0.62,101176,0.67,349.97,21.45,98145,46,6.70333333333333,8.17333333333333,9.63,21.4266666666667,48.6533333333333,232.756666666667
0,0.0,0.62,50524,0.34,175.38,21.4,98143,46,6.68666666666667,8.14333333333333,9.61333333333334,21.2433333333333,46.2733333333333,232.176666666667
158732,1.06,547.94,365351,2.44,1260.52,21.36,98144,46,6.66666666666667,8.00666666666667,9.53333333333333,19.2066666666667,41.0866666666667,231.723333333333
0,0.0,0.62,14346,0.1,50.32,21.31,98142,47,6.67666666666667,8.02,9.52,19.3466666666667,41.2933333333333,231.743333333333
24577,0.16,85.72,122348,0.82,422.83,21.32,98143,47,6.65666666666667,7.95,9.33666666666667,19.0533333333333,40.93,231.313333333333
170975,1.14,590.03,221935,1.48,765.24,21.37,98143,46,6.65333333333333,7.88666666666667,9.14333333333333,18.7133333333333,40.5033333333333,231.033333333333
0,0.0,0.62,0,0.0,0.62,21.36,98141,46,6.63,7.88333333333333,9.18666666666667,18.8533333333333,40.7,230.763333333333
0,0.0,0.62,0,0.0,0.62,21.28,98139,47,6.62666666666667,7.88666666666667,9.23666666666667,18.96,40.84,230.63
147495,0.98,509.31,229046,1.53,789.7,21.29,98141,46,6.62333333333333,7.85666666666667,9.15666666666667,18.8666666666667,40.7333333333333,230.613333333333
0,0.0,0.62,14469,0.1,50.74,21.32,98146,46,6.62,7.81333333333333,9.05333333333333,18.5766666666667,40.34,230.456666666667
0,0.0,0.62,5796,0.04,20.71,21.27,98143,46,6.61666666666667,7.78,8.99333333333333,18.3733333333333,40.0633333333333,230.293333333333
0,0.0,0.62,0,0.0,0.62,21.28,98141,46,6.61666666666667,7.81666666666667,9.00333333333333,18.82,40.9033333333333,230.296666666667
0,0.0,0.62,114012,0.76,394.15,21.29,98143,46,6.6,7.82333333333333,9.00333333333333,19.1466666666667,41.47,230.006666666667
0,0.0,0.62,0,0.0,0.62,21.29,98147,46,6.58,7.84666666666667,8.97333333333333,19.8733333333333,42.8066666666667,229.47
0,0.0,0.62,0,0.0,0.62,21.32,98143,46,6.57333333333333,7.81666666666667,8.95666666666667,19.3333333333333,40.6733333333333,229.406666666667
0,0.0,0.62,69206,0.46,239.83,21.31,98142,46,6.55666666666667,7.72333333333333,8.92333333333333,17.7433333333333,35.4933333333333,229.02
0,0.0,0.62,0,0.0,0.62,21.31,98139,46,6.56,7.67,8.78333333333333,17.3233333333333,34.84,229.27
0,0.0,0.62,0,0.0,0.62,21.29,98142,46,6.55333333333333,7.56666666666667,8.69,15.4266666666667,27.11,229.076666666667
0,0.0,0.62,87888,0.59,304.22,21.3,98144,46,6.55333333333333,7.52666666666667,8.64333333333333,14.93,24.48,228.933333333333
0,0.0,0.62,0,0.0,0.62,21.23,98142,46,6.55,7.49,8.57,14.64,24.0733333333333,229.016666666667
0,0.0,0.62,126342,0.84,436.57,21.27,98143,46,6.54666666666667,7.46,8.46333333333333,14.4333333333333,23.8133333333333,229.206666666667
124065,0.83,428.73,177687,1.18,613.1,21.3,98146,46,6.54666666666667,7.48,8.53666666666667,14.5933333333333,24.02,229.123333333333
0,0.0,0.62,182551,1.22,629.82,21.29,98144,46,6.55,7.51666666666667,8.64333333333333,14.6933333333333,24.1233333333333,229.233333333333
0,0.0,0.62,0,0.0,0.62,21.29,98144,46,6.54,7.48333333333333,8.57,14.5533333333333,23.95,229.116666666667
0,0.0,0.62,0,0.0,0.62,21.28,98148,46,6.54666666666667,7.51,8.64666666666667,14.6266666666667,24.0266666666667,229.343333333333
74706,0.5,258.79,162247,1.08,560.02,21.3,98145,46,6.53333333333333,7.5,8.65,14.6433333333333,24.0566666666667,229.186666666667
0,0.0,0.62,122355,0.82,422.85,21.3,98144,46,6.53,7.46333333333333,8.64333333333333,13.6966666666667,20.8566666666667,229.08
0,0.0,0.62,0,0.0,0.62,21.27,98146,46,6.51333333333333,7.43,8.62666666666667,13.2033333333333,19.2366666666667,228.87
327692,2.18,1129.95,532978,3.55,1849.65,21.23,98144,46,6.52333333333333,7.43666666666667,8.72,13.0066666666667,18.6133333333333,229.03
0,0.0,0.62,0,0.0,0.62,21.27,98144,46,6.52,7.42333333333333,8.78666666666667,12.6,18.3666666666667,228.923333333333
0,0.0,0.62,0,0.0,0.62,21.28,98140,46,6.52,7.40333333333333,8.76666666666667,12.0433333333333,17.9266666666667,228.95
76837,0.51,266.14,118714,0.79,410.33,21.29,98147,46,6.53666666666667,7.4,8.76666666666667,11.6266666666667,16.5433333333333,229.283333333333
4042,0.03,14.63,163526,1.09,564.42,21.33,98146,46,6.55333333333333,7.43333333333333,8.82333333333333,11.6933333333333,16.6133333333333,229.616666666667
0,0.0,0.62,5333,0.04,19.1,21.34,98146,46,6.55,7.45666666666667,8.90333333333333,11.7933333333333,16.7366666666667,229.596666666667
0,0.0,0.62,45872,0.31,159.32,21.35,98138,46,6.55,7.48,8.95,11.84,16.7866666666667,229.49
206974,1.38,713.78,569488,3.8,1980.27,21.35,98143,46,6.54,7.46,8.91333333333333,11.7966666666667,16.7333333333333,229.186666666667
0,0.0,0.62,32894,0.22,114.48,21.34,98140,46,6.53,7.45,8.87,11.7433333333333,16.67,228.953333333333
0,0.0,0.62,1430,0.01,5.58,21.27,98141,46,6.53333333333333,7.49,8.93333333333333,12.1533333333333,17.3333333333333,228.943333333333
0,0.0,0.62,0,0.0,0.62,21.31,98138,46,6.53333333333333,7.53,9.03333333333333,12.4733333333333,17.7966666666667,228.68
0,0.0,0.62,51444,0.34,178.56,21.32,98140,46,6.52333333333333,7.55,9.02,12.82,18.3533333333333,228.333333333333
0,0.0,0.62,66010,0.44,228.81,21.28,98143,46,6.51666666666667,7.54,8.99333333333333,12.6233333333333,18.0833333333333,227.8
0,0.0,0.62,0,0.0,0.62,21.3,98148,46,6.51333333333333,7.54666666666667,9.02,12.65,18.11,227.293333333333
17715,0.12,61.98,91995,0.61,318.36,21.36,98150,46,6.50333333333333,7.55,9.03,12.66,18.11,226.903333333333
113670,0.76,392.97,441155,2.94,1525.07,21.27,98145,46,6.47,7.48666666666667,8.9,12.6733333333333,18.54,226.24
0,0.0,0.62,75411,0.5,261.22,21.26,98151,46,6.45666666666667,7.51333333333333,8.95,13.34,20.2133333333333,225.81
0,0.0,0.62,0,0.0,0.62,21.25,98146,47,6.47,7.57666666666667,9.10666666666667,13.4966666666667,20.38,226.023333333333
0,0.0,0.62,0,0.0,0.62,21.24,98143,47,6.46666666666667,7.55,9.02333333333333,13.3166666666667,20.1433333333333,225.826666666667
0,0.0,0.62,0,0.0,0.62,21.29,98149,46,6.47333333333333,7.54,8.96,13.2,19.9966666666667,225.743333333333
79644,0.53,275.81,151588,1.01,523.38,21.29,98152,47,6.46333333333333,7.51666666666667,8.90666666666667,13.1433333333333,19.9366666666667,225.266666666667
0,0.0,0.62,0,0.0,0.62,21.24,98147,47,6.45333333333333,7.52666666666667,8.92,13.38,20.9733333333333,225.213333333333
0,0.0,0.62,0,0.0,0.62,21.26,98143,47,6.47,7.56333333333333,8.93666666666667,13.8566666666667,23.0433333333333,225.396666666667
0,0.0,0.62,0,0.0,0.62,21.3,98149,46,6.46333333333333,7.47,8.80666666666667,12.8633333333333,21.36,225.25
79382,0.53,274.91,209055,1.39,720.94,21.31,98144,46,6.47333333333333,7.44666666666667,8.81,12.5733333333333,23.5533333333333,225.596666666667
3240,0.02,11.85,116861,0.78,403.95,21.31,98152,46,6.47666666666667,7.48,8.87333333333333,13.0333333333333,26.12,225.63
0,0.0,0.62,0,0.0,0.62,21.32,98149,47,6.48,7.51666666666667,8.95666666666667,13.31,27.45,225.996666666667
0,0.0,0.62,6373,0.04,22.71,21.32,98144,46,6.48,7.52666666666667,9.01333333333333,13.4133333333333,27.58,226.223333333333
0,0.0,0.62,47990,0.32,166.63,21.31,98147,46,6.48333333333333,7.55666666666667,9.1,13.5833333333333,27.7966666666667,226.48
68890,0.46,238.74,140071,0.93,483.78,21.3,98149,47,6.47,7.53,9.02666666666667,13.5,27.7,226.393333333333
0,0.0,0.62,0,0.0,0.62,21.3,98148,47,6.47,7.54666666666667,9.10333333333333,13.6033333333333,27.8233333333333,226.393333333333
0,0.0,0.62,0,0.0,0.62,21.32,98144,47,6.48333333333333,7.57,9.13333333333333,13.6233333333333,27.8466666666667,226.683333333333
0,0.0,0.62,323144,2.15,1114.21,21.3,98152,47,6.46,7.51666666666667,9.00333333333333,13.41,27.5833333333333,226.32
0,0.0,0.62,0,0.0,0.62,21.24,98154,47,6.45666666666667,7.51,8.96333333333333,13.34,27.5,226.513333333333
0,0.0,0.62,113780,0.76,393.35,21.12,98152,47,6.47666666666667,7.53666666666667,8.99333333333333,13.3733333333333,27.5266666666667,226.623333333333
0,0.0,0.62,114407,0.76,395.51,21.14,98148,47,6.48333333333333,7.53666666666667,8.98,13.3666666666667,27.5233333333333,226.573333333333
0,0.0,0.62,0,0.0,0.62,21.12,98163,47,6.47666666666667,7.52,8.94333333333333,13.3166666666667,27.4666666666667,226.54
0,0.0,0.62,0,0.0,0.62,21.08,98154,47,6.46666666666667,7.51333333333333,8.92666666666667,13.2933333333333,27.4366666666667,226.64
0,0.0,0.62,42176,0.28,146.55,21.09,98152,47,6.48333333333333,7.53666666666667,8.96333333333333,13.33,27.4733333333333,227.016666666667
0,0.0,0.62,11607,0.08,40.84,21.13,98152,47,6.46,7.49666666666667,8.87333333333333,13.21,27.3333333333333,226.896666666667
0,0.0,0.62,0,0.0,0.62,21.14,98153,47,6.44666666666667,7.5,8.87,13.48,27.05,226.83
190181,1.27,656.05,297368,1.98,1025.13,21.14,98152,47,6.43666666666667,7.52333333333333,8.88,13.89,26.29,226.75
0,0.0,0.62,0,0.0,0.62,21.14,98154,47,6.42666666666667,7.51333333333333,8.88666666666667,13.8933333333333,26.2933333333333,226.133333333333
59578,0.4,206.63,118535,0.79,409.71,21.13,98154,47,6.40666666666667,7.54333333333333,8.87666666666667,14.8033333333333,28.6933333333333,225.726666666667
0,0.0,0.62,123618,0.82,427.2,21.18,98155,47,6.41333333333333,7.53666666666667,8.84,14.7433333333333,28.6166666666667,225.763333333333
0,0.0,0.62,235228,1.57,810.97,21.16,98151,47,6.41666666666667,7.52,8.79333333333333,14.7033333333333,28.5733333333333,225.736666666667
0,0.0,0.62,0,0.0,0.62,21.12,98160,47,6.41,7.54,8.87666666666667,14.8566666666667,28.7666666666667,225.383333333333
0,0.0,0.62,48986,0.33,170.07,21.05,98156,48,6.41333333333333,7.56,8.97,15.01,28.96,225.04
12500,0.08,43.93,281414,1.88,970.08,21.05,98158,48,6.42333333333333,7.52333333333333,8.89,14.57,28.26,225.116666666667
0,0.0,0.62,0,0.0,0.62,21.05,98155,48,6.41666666666667,7.51666666666667,8.83666666666667,14.6666666666667,28.4033333333333,224.926666666667
0,0.0,0.62,40714,0.27,141.5,21.05,98153,48,6.41333333333333,7.48333333333333,8.84333333333333,14.23,27.7233333333333,224.663333333333
268631,1.79,926.0,367955,2.45,1269.57,21.0,98159,48,6.42,7.5,8.89,14.2766666666667,27.7766666666667,224.833333333333
0,0.0,0.62,57355,0.38,198.96,20.98,98154,48,6.41333333333333,7.49666666666667,8.95,14.4033333333333,27.9366666666667,224.583333333333
0,0.0,0.62,34063,0.23,118.52,21.0,98155,48,6.42,7.50333333333333,8.96666666666667,14.4433333333333,27.9966666666667,224.67
0,0.0,0.62,0,0.0,0.62,21.03,98156,48,6.44,7.50666666666667,8.97333333333333,14.1966666666667,27.27,224.943333333333
0,0.0,0.62,44959,0.3,156.17,21.02,98153,48,6.44,7.47,8.95333333333333,13.5633333333333,25.6466666666667,225.12
212145,1.41,731.57,261737,1.74,902.25,21.04,98152,48,6.44333333333333,7.47,8.98333333333333,13.6166666666667,25.7166666666667,225.033333333333
0,0.0,0.62,33892,0.23,117.93,21.04,98154,48,6.44333333333333,7.51333333333333,9.09,13.7533333333333,25.8733333333333,225.093333333333
0,0.0,0.62,83358,0.56,288.61,21.01,98149,48,6.43,7.50666666666667,9.11666666666667,13.7766666666667,25.8966666666667,224.863333333333
0,0.0,0.62,49700,0.33,172.54,21.0,98155,48,6.42666666666667,7.49333333333333,9.08,13.74,25.86,224.796666666667
0,0.0,0.62,133691,0.89,461.84,21.01,98146,48,6.43,7.50333333333333,9.09666666666667,13.5266666666667,24.8466666666667,224.706666666667
165418,1.1,570.92,376783,2.51,1300.26,20.98,98146,48,6.42666666666667,7.50666666666667,9.12666666666667,13.3466666666667,23.2,224.63
0,0.0,0.62,67139,0.45,232.71,20.99,98152,48,6.43333333333333,7.53,9.15,13.49,23.41,224.846666666667
0,0.0,0.62,0,0.0,0.62,20.97,98149,48,6.44,7.58,9.15666666666667,14.43,25.8433333333333,224.633333333333
0,0.0,0.62,59018,0.39,204.69,20.88,98148,48,6.44,7.60333333333333,9.16666666666667,14.76,26.4133333333333,224.533333333333
67525,0.45,234.04,165635,1.1,571.67,20.87,98145,48,6.42666666666667,7.57333333333333,9.10333333333333,14.4666666666667,24.1233333333333,224.12
211538,1.41,729.48,293291,1.96,1011.06,20.78,98140,48,6.41666666666667,7.54333333333333,9.07,14.24,22.8466666666667,223.64
0,0.0,0.62,19867,0.13,69.43,20.79,98143,48,6.41,7.53333333333333,9.03,14.1533333333333,22.7333333333333,223.15
0,0.0,0.62,53022,0.35,184.0,20.81,98146,48,6.40333333333333,7.55,9.07333333333333,14.1166666666667,22.6633333333333,222.67
0,0.0,0.62,6861,0.05,24.4,20.8,98145,49,6.4,7.55,9.1,14.15,22.7,222.343333333333
322112,2.15,1110.64,430306,2.87,1487.04,20.82,98146,49,6.38333333333333,7.51,8.98666666666667,14.0166666666667,22.55,221.773333333333
0,0.0,0.62,178220,1.19,614.93,20.82,98145,49,6.39333333333333,7.53333333333333,9.06666666666667,14.0966666666667,22.6366666666667,221.623333333333
6690,0.04,23.8,256273,1.71,883.43,20.83,98143,49,6.39,7.51,9.00333333333333,14.0366666666667,22.58,221.17
0,0.0,0.62,7534,0.05,26.73,20.82,98143,49,6.38333333333333,7.55,9.12333333333333,14.3933333333333,23.06,221.106666666667
0,0.0,0.62,0,0.0,0.62,20.85,98137,49,6.39,7.55666666666667,9.13333333333333,14.4166666666667,23.09,221.256666666667
177503,1.18,612.47,372735,2.48,1286.18,20.8,98142,49,6.41333333333333,7.61,9.23,14.5466666666667,23.24,221.866666666667
0,0.0,0.62,110284,0.74,381.32,20.79,98140,49,6.42666666666667,7.61333333333333,9.22666666666667,14.54,23.2366666666667,221.756666666667
0,0.0,0.62,0,0.0,0.62,20.81,98143,49,6.41333333333333,7.61333333333333,9.24333333333333,14.5633333333333,23.2633333333333,221.54
0,0.0,0.62,0,0.0,0.62,20.85,98143,49,6.43666666666667,7.63666666666667,9.27666666666667,14.6133333333333,23.32,221.706666666667
0,0.0,0.62,112014,0.75,387.27,20.87,98142,49,6.43333333333333,7.59333333333333,9.19333333333333,14.0833333333333,22.2933333333333,221.653333333333
0,0.0,0.62,0,0.0,0.62,20.8,98140,49,6.45,7.55666666666667,9.17666666666667,13.37,20.7,221.506666666667
0,0.0,0.62,133233,0.89,460.27,20.76,98143,49,6.45333333333333,7.5,9.14666666666667,12.41,18.24,221.803333333333
0,0.0,0.62,123759,0.83,427.68,20.72,98135,49,6.45,7.52666666666667,9.23333333333333,12.5333333333333,18.3966666666667,221.903333333333
0,0.0,0.62,120699,0.8,417.16,20.78,98139,49,6.45333333333333,7.53,9.23333333333333,12.5333333333333,18.3933333333333,221.766666666667
0,0.0,0.62,2532,0.02,9.4,20.79,98144,49,6.45,7.51,9.17666666666667,12.41,18.2366666666667,221.993333333333
0,0.0,0.62,0,0.0,0.62,20.76,98133,49,6.45666666666667,7.48666666666667,9.07333333333333,12.25,18.0466666666667,222.423333333333
0,0.0,0.62,0,0.0,0.62,20.77,98135,49,6.45,7.50333333333333,9.16666666666667,12.3533333333333,18.16,222.3
1463,0.01,5.69,203976,1.36,703.48,20.8,98139,49,6.45,7.48666666666667,9.19333333333333,12.0166666666667,17.64,222.356666666667
0,0.0,0.62,0,0.0,0.62,20.84,98141,49,6.44666666666667,7.47,9.15666666666667,11.9766666666667,17.5966666666667,222.596666666667
260916,1.74,899.42,368550,2.46,1271.64,20.85,98142,49,6.44333333333333,7.45,9.09333333333333,11.92,17.53,222.656666666667
0,0.0,0.62,117772,0.79,407.09,20.87,98140,49,6.45666666666667,7.44,9.01666666666667,11.7766666666667,17.35,222.943333333333
0,0.0,0.62,0,0.0,0.62,20.84,98138,49,6.46,7.44333333333333,9.00333333333333,11.7366666666667,17.2966666666667,223.04
0,0.0,0.62,116816,0.78,403.8,20.88,98136,49,6.45333333333333,7.43,8.96666666666667,11.6466666666667,17.1766666666667,222.786666666667
0,0.0,0.62,0,0.0,0.62,20.9,98133,49,6.45,7.49666666666667,8.97666666666667,12.6966666666667,19.2033333333333,222.583333333333
0,0.0,0.62,60304,0.4,209.13,20.88,98133,49,6.44,7.44666666666667,8.80333333333333,12.5,18.9766666666667,222.463333333333
12907,0.09,45.34,137309,0.92,474.28,20.9,98130,49,6.44666666666667,7.44333333333333,8.72666666666667,12.81,19.7133333333333,222.673333333333
0,0.0,0.62,0,0.0,0.62,20.87,98136,49,6.45333333333333,7.49666666666667,8.74,13.6633333333333,21.4666666666667,222.78
0,0.0,0.62,97385,0.65,336.92,20.86,98137,49,6.46666666666667,7.56333333333333,8.91666666666667,13.9033333333333,21.7466666666667,222.903333333333
0,0.0,0.62,0,0.0,0.62,20.82,98137,49,6.45666666666667,7.54333333333333,8.87333333333333,13.86,21.7033333333333,222.913333333333
0,0.0,0.62,187459,1.25,646.69,20.84,98134,49,6.42333333333333,7.45,8.73333333333333,13.4833333333333,21.1866666666667,222.22
0,0.0,0.62,0,0.0,0.62,20.88,98135,49,6.43,7.44,8.71666666666667,13.3433333333333,20.9833333333333,222.16
0,0.0,0.62,0,0.0,0.62,20.91,98138,49,6.43,7.41,8.70333333333333,12.6966666666667,20.9,222.48
0,0.0,0.62,0,0.0,0.62,20.91,98132,49,6.43333333333333,7.38,8.72,12.2366666666667,19.1666666666667,222.603333333333
143350,0.96,495.06,238902,1.59,823.62,20.9,98137,49,6.43333333333333,7.40333333333333,8.69,12.6866666666667,21.79,222.87
73740,0.49,255.46,149085,0.99,514.77,20.87,98132,49,6.45333333333333,7.43333333333333,8.67333333333333,12.8433333333333,22.0566666666667,223.206666666667
0,0.0,0.62,0,0.0,0.62,20.89,98135,49,6.46,7.43,8.66333333333333,12.8366666666667,22.0466666666667,223.51
0,0.0,0.62,170438,1.14,588.18,20.93,98130,49,6.46666666666667,7.39333333333333,8.54666666666667,12.7033333333333,21.9,224.046666666667
0,0.0,0.62,103699,0.69,358.66,20.97,98129,49,6.47666666666667,7.41333333333333,8.52666666666667,12.8433333333333,22.13,224.536666666667
0,0.0,0.62,0,0.0,0.62,21.0,98128,49,6.49666666666667,7.46,8.55,13.2066666666667,22.6833333333333,225.15
0,0.0,0.62,0,0.0,0.62,21.01,98131,49,6.50333333333333,7.47333333333333,8.57666666666667,13.2866666666667,22.7966666666667,225.656666666667
0,0.0,0.62,0,0.0,0.62,20.95,98123,49,6.51333333333333,7.49666666666667,8.59333333333333,13.4166666666667,22.9733333333333,226.02
0,0.0,0.62,0,0.0,0.62,20.99,98124,49,6.54333333333333,7.51666666666667,8.61666666666667,13.47,23.0433333333333,226.57
0,0.0,0.62,0,0.0,0.62,20.92,98129,49,6.55333333333333,7.55,8.62,13.8966666666667,23.91,226.846666666667
0,0.0,0.62,0,0.0,0.62,20.96,98127,49,6.54,7.60333333333333,8.55666666666667,15.4733333333333,27.8833333333333,226.726666666667
0,0.0,0.62,99671,0.66,344.79,20.92,98120,49,6.51333333333333,7.55,8.45,15.3266666666667,27.7166666666667,226.163333333333
0,0.0,0.62,58065,0.39,201.41,20.93,98132,49,6.51,7.53,8.42333333333333,15.3033333333333,27.6933333333333,225.706666666667
0,0.0,0.62,3540,0.02,12.89,20.85,98131,49,6.50333333333333,7.51666666666667,8.42666666666667,15.3066666666667,27.6933333333333,225.216666666667
0,0.0,0.62,0,0.0,0.62,20.85,98128,49,6.48333333333333,7.50333333333333,8.43666666666667,15.3366666666667,27.7366666666667,224.566666666667
0,0.0,0.62,0,0.0,0.62,20.81,98128,49,6.48,7.53333333333333,8.51666666666667,15.5266666666667,27.9866666666667,224.226666666667
0,0.0,0.62,78606,0.52,272.24,20.85,98136,49,6.46,7.59,8.56666666666667,16.9433333333333,33.0233333333333,223.773333333333
0,0.0,0.62,0,0.0,0.62,20.83,98125,49,6.45,7.58666666666667,8.55333333333333,17.1333333333333,34.2566666666667,223.58
0,0.0,0.62,147693,0.98,509.99,20.84,98131,49,6.42666666666667,7.53,8.42,16.96,34.0533333333333,222.87
0,0.0,0.62,0,0.0,0.62,20.85,98130,49,6.40333333333333,7.51,8.41333333333333,16.95,34.05,222.216666666667
0,0.0,0.62,0,0.0,0.62,20.86,98121,50,6.38333333333333,7.51333333333333,8.40666666666667,17.1033333333333,34.31,221.193333333333
0,0.0,0.62,0,0.0,0.62,20.87,98129,49,6.35,7.5,8.37,17.4033333333333,34.82,219.816666666667
0,0.0,0.62,113284,0.76,391.64,20.89,98127,49,6.32333333333333,7.44666666666667,8.23,17.26,34.6633333333333,218.693333333333
57558,0.38,199.66,111330,0.74,384.92,20.9,98134,50,6.29333333333333,7.45666666666667,8.10666666666667,18.3766666666667,37.0966666666667,217.72
0,0.0,0.62,0,0.0,0.62,20.9,98129,50,6.27666666666667,7.47333333333333,8.2,18.5833333333333,37.3666666666667,216.263333333333
0,0.0,0.62,0,0.0,0.62,20.91,98120,50,6.24,7.49,8.33,18.75,37.5733333333333,214.85
0,0.0,0.62,80777,0.54,279.72,20.88,98125,50,6.21,7.47,8.33,18.7566666666667,37.58,213.546666666667
0,0.0,0.62,69482,0.46,240.78,20.87,98124,50,6.16333333333333,7.42,8.28333333333333,18.7066666666667,37.5266666666667,212.156666666667
0,0.0,0.62,0,0.0,0.62,20.87,98126,50,6.13333333333333,7.38,8.22333333333333,18.65,37.47,210.94
315098,2.1,1086.39,508210,3.39,1761.58,20.9,98125,50,6.10333333333333,7.28333333333333,8.17333333333333,17.5433333333333,35.38,209.916666666667
0,0.0,0.62,10954,0.07,38.57,20.9,98128,50,6.06666666666667,7.31,8.29,17.66,35.5066666666667,208.91
0,0.0,0.62,0,0.0,0.62,20.87,98124,50,6.06,7.29666666666667,8.31333333333333,17.2633333333333,34.6666666666667,208.773333333333
0,0.0,0.62,73269,0.49,253.84,20.85,98131,50,6.06333333333333,7.24,8.28,16.3933333333333,32.8966666666667,208.683333333333
0,0.0,0.62,0,0.0,0.62,20.82,98124,50,6.06333333333333,7.19333333333333,8.12333333333333,16.1733333333333,32.6333333333333,208.9
0,0.0,0.62,54409,0.36,188.79,20.83,98131,50,6.06333333333333,7.21,8.14666666666667,16.3866666666667,32.94,209.116666666667
0,0.0,0.62,0,0.0,0.62,20.74,98126,51,6.09,7.24333333333333,8.19333333333333,16.5166666666667,33.1166666666667,209.993333333333
0,0.0,0.62,3020,0.02,11.09,20.75,98130,51,6.07333333333333,7.28333333333333,8.17666666666667,17.5633333333333,35.4966666666667,209.963333333333
0,0.0,0.62,70828,0.47,245.43,20.76,98127,51,6.04666666666667,7.24666666666667,8.17333333333333,17.2566666666667,33.1366666666667,209.25
0,0.0,0.62,0,0.0,0.62,20.74,98129,51,6.04666666666667,7.21333333333333,8.09666666666667,16.8733333333333,30.6833333333333,209.023333333333
0,0.0,0.62,0,0.0,0.62,20.77,98134,51,6.03666666666667,7.17,8.12,16.2433333333333,27.7833333333333,208.72
0,0.0,0.62,0,0.0,0.62,20.78,98129,51,6.01666666666667,7.11666666666667,8.05666666666667,16.0066666666667,27.4266666666667,208.36
0,0.0,0.62,34883,0.23,121.36,20.76,98128,51,6.0,7.12,8.03666666666667,16.3233333333333,27.9466666666667,207.886666666667
0,0.0,0.62,4954,0.03,17.79,20.8,98134,51,5.98333333333333,7.13,7.99666666666667,16.8966666666667,31.6966666666667,207.09
0,0.0,0.62,19496,0.13,68.14,20.8,98133,51,5.97,7.11333333333333,8.01,16.74,31.44,206.493333333333
0,0.0,0.62,11001,0.07,38.74,20.8,98132,51,5.97,7.12666666666667,8.14333333333333,16.5433333333333,31.0666666666667,205.953333333333
0,0.0,0.62,17316,0.12,60.6,20.75,98123,51,5.95,7.10333333333333,8.12,16.4633333333333,30.96,205.28
162999,1.09,562.61,210652,1.4,726.43,20.75,98128,51,5.93,7.05666666666667,8.02333333333333,16.2533333333333,30.6933333333333,204.523333333333
0,0.0,0.62,144973,0.97,500.64,20.73,98132,51,5.91666666666667,7.03333333333333,7.98333333333333,16.18,30.5966666666667,203.896666666667
0,0.0,0.62,190297,1.27,656.45,20.72,98123,51,5.89333333333333,6.94,7.83333333333333,15.3666666666667,29.2133333333333,203.106666666667
55888,0.37,193.89,197271,1.32,680.42,20.74,98125,51,5.88,6.84333333333333,7.81333333333333,13.6933333333333,25.1333333333333,202.496666666667
111842,0.75,386.68,162113,1.08,559.56,20.76,98125,51,5.87333333333333,6.85333333333333,7.85,13.73,25.17,202.243333333333
0,0.0,0.62,109916,0.73,380.05,20.75,98126,51,5.86666666666667,6.86333333333333,7.88666666666667,13.7866666666667,25.2366666666667,202.34
0,0.0,0.62,0,0.0,0.62,20.72,98119,52,5.86,6.86666666666667,7.88666666666667,13.82,25.2866666666667,202.156666666667
0,0.0,0.62,20204,0.13,70.59,20.74,98117,52,5.84333333333333,6.86,7.85,13.99,25.7166666666667,201.573333333333
0,0.0,0.62,0,0.0,0.62,20.74,98132,52,5.83666666666667,6.86666666666667,7.8,14.2833333333333,26.1433333333333,201.253333333333
0,0.0,0.62,0,0.0,0.62,20.73,98117,52,5.82333333333333,6.8,7.74,13.2166666666667,21.9833333333333,200.84
0,0.0,0.62,0,0.0,0.62,20.73,98122,52,5.83,6.8,7.76,13.04,20.7566666666667,200.536666666667
70759,0.47,245.19,151717,1.01,523.82,20.74,98124,52,5.82,6.80333333333333,7.77666666666667,13.0566666666667,20.78,200.256666666667
0,0.0,0.62,0,0.0,0.62,20.73,98123,52,5.82333333333333,6.81333333333333,7.8,13.08,20.8033333333333,200.333333333333
0,0.0,0.62,174422,1.16,601.87,20.73,98118,52,5.84,6.82333333333333,7.83333333333333,12.94,20.5633333333333,200.71
67153,0.45,232.75,197418,1.32,680.93,20.73,98121,52,5.86333333333333,6.82,7.83333333333333,12.6033333333333,20.0033333333333,201.833333333333
73639,0.49,255.12,162046,1.08,559.33,20.69,98121,52,5.91333333333333,6.88333333333333,7.92333333333333,12.8333333333333,20.3766666666667,204.2
0,0.0,0.62,7320,0.05,25.99,20.69,98125,52,5.92333333333333,6.85333333333333,7.81333333333333,12.61,20.0933333333333,205.363333333333
0,0.0,0.62,0,0.0,0.62,20.7,98123,52,5.98666666666667,6.86666666666667,7.68,12.44,19.88,208.336666666667
0,0.0,0.62,15928,0.11,55.8,20.69,98122,52,6.02333333333333,6.90333333333333,7.71666666666667,12.4766666666667,19.9166666666667,209.7
47132,0.31,163.67,121788,0.81,420.9,20.69,98126,52,6.05333333333333,6.94333333333333,7.76,12.52,19.9633333333333,211.19
